title,link,description,regular_price,sale_price,discount,sale_period,favorite,labels,badges,product_id
Шоколад белый Миндаль и кокос Alpen Gold 80г,https://magnit.ru/product/1000060406-shokolad_alpen_gold_belyy_s_mindalem_i_kokosovoy_struzhkoy_85g?shopCode=992301&shopType=6,74.99 ₽ -46% 139.99 ₽Шоколад белый Миндаль и кокос Alpen Gold 80г4.8· 270 отзывов,,,,,,,,1000060406
Шоколад белый пористый Россия щедрая душа 75г,https://magnit.ru/product/1000517768-rossiya_shchedraya_dusha_shokolad_belyy_poristyy_75g?shopCode=992301&shopType=6,74.99 ₽ -37% 119.99 ₽Шоколад белый пористый Россия щедрая душа 75г4.8· 23 отзыва,,,,,,,,1000517768
Батончик  шоколадный с карамелью арахисом и нугой Snickers Super 80г,https://magnit.ru/product/1000378229-snickers_shokoladnyy_batonchik_10227820_80g_floupak_rossiya_mars_32_128?shopCode=992301&shopType=6,89.99 ₽Батончик  шоколадный с карамелью арахисом и нугой Snickers Super 80г4.8· 439 отзывов,,,,,,,,1000378229
Шоколад Классический Чизкейк Alpen Gold 85/90г,https://magnit.ru/product/1000286766-shokolad_alpen_gold_oreo_molochnyy_s_chizkeykom_i_pechenem_95g?shopCode=992301&shopType=6,74.99 ₽ -42% 129.99 ₽Шоколад Классический Чизкейк Alpen Gold 85/90г4.8· 145 отзывов,,,,,,,,1000286766
Шоколад молочный Россия щедрая душа 82г,https://magnit.ru/product/1000178484-shokolad_rossiya_molochnyy_90g?shopCode=992301&shopType=6,79.99 ₽ -33% 119.99 ₽Шоколад молочный Россия щедрая душа 82г4.8· 215 отзывов,,,,,,,,1000178484
Шоколад белый Gold Selection Дуэт в клубнике Россия щедрая душа 85г,https://magnit.ru/product/1000253064-shokolad_zolotaya_marka_belyy_duet_v_klubnichnom_85g?shopCode=992301&shopType=6,88.99 ₽ -50% 179.99 ₽Шоколад белый Gold Selection Дуэт в клубнике Россия щедрая душа 85г4.8· 147 отзывов,,,,,,,,1000253064
Шоколад молочный Клубника и йогурт Alpen Gold 80г,https://magnit.ru/product/1647000018-shokolad_alpen_gold_molochnyy_s_klubnikoy_i_yogurtom_85g?shopCode=992301&shopType=6,69.99 ₽ -46% 129.99 ₽Шоколад молочный Клубника и йогурт Alpen Gold 80г4.8· 186 отзывов,,,,,,,,1647000018
Шоколад Молочный с фундуком Milka 80г,https://magnit.ru/product/1000149243-shokolad_milka_molochnyy_s_fundukom_90g?shopCode=992301&shopType=6,99.99 ₽ -50% 199.99 ₽Шоколад Молочный с фундуком Milka 80г4.8· 203 отзыва,,,,,,Товар недели,Товар недели,1000149243
Шоколад молочный Соленый миндаль и карамель Alpen Gold 80г,https://magnit.ru/product/1000115569-alpen_gold_shokol_moloch_s_sol_mind_karam_85g_mondelis_21?shopCode=992301&shopType=6,74.99 ₽ -46% 139.99 ₽Шоколад молочный Соленый миндаль и карамель Alpen Gold 80г4.8· 64 отзыва,,,,,,,,1000115569
Батончик шоколадный с карамелью Twix Xtra 82г,https://magnit.ru/product/1635300020-shokoladnyy_batonchik_twix_ekstra_82g?shopCode=992301&shopType=6,89.99 ₽Батончик шоколадный с карамелью Twix Xtra 82г4.8· 168 отзывов,,,,,,,,1635300020
Шоколад молочный Alpen Gold 80г,https://magnit.ru/product/1000070202-shokolad_alpen_gold_molochnyy_85g?shopCode=992301&shopType=6,69.99 ₽ -46% 129.99 ₽Шоколад молочный Alpen Gold 80г4.8· 267 отзывов,,,,,,,,1000070202
Шоколад молочный и белый пористый Россия щедрая душа 75г,https://magnit.ru/product/1000178487-shokolad_rossiya_molochnyy_poristyy_belyy_82g?shopCode=992301&shopType=6,79.99 ₽ -33% 119.99 ₽Шоколад молочный и белый пористый Россия щедрая душа 75г4.8· 395 отзывов,,,,,,,,1000178487
Шоколад молочный Тропический кокос Alpen Gold 80г,https://magnit.ru/product/1000485858-alpen_gold_shokolad_molochnyy_tropicheskiy_kokos_80g?shopCode=992301&shopType=6,74.99 ₽ -46% 139.99 ₽Шоколад молочный Тропический кокос Alpen Gold 80г4.8· 46 отзывов,,,,,,,,1000485858
Шоколад молочный пористый Россия щедрая душа 75г,https://magnit.ru/product/1000178483-shokolad_rossiya_molochnyy_poristyy_82g?shopCode=992301&shopType=6,79.99 ₽ -33% 119.99 ₽Шоколад молочный пористый Россия щедрая душа 75г4.8· 188 отзывов,,,,,,,,1000178483
Шоколад Молочный Caramel Milka 90г,https://magnit.ru/product/1000149246-shokolad_milka_s_karamelnoy_nachinkoy_90g?shopCode=992301&shopType=6,99.99 ₽ -50% 199.99 ₽Шоколад Молочный Caramel Milka 90г4.9· 154 отзыва,,,,,,Товар недели,Товар недели,1000149246
Шоколад Dark темный фундук Alpen Gold 75г,https://magnit.ru/product/1000219301-shokolad_alpen_gold_dark_temnyy_s_droblenym_fundukom_80g?shopCode=992301&shopType=6,125.99 ₽Шоколад Dark темный фундук Alpen Gold 75г4.7· 32 отзыва,,,,,,,,1000219301
Шоколад молочный Фундук Alpen Gold 80г,https://magnit.ru/product/1000070203-shokolad_alpen_gold_molochnyy_s_droblenym_fundukom_85g?shopCode=992301&shopType=6,74.99 ₽ -46% 139.99 ₽Шоколад молочный Фундук Alpen Gold 80г4.8· 360 отзывов,,,,,,,,1000070203
Шоколад Элитный Бабаевский 75% какао 75г,https://magnit.ru/product/1699900781-shokolad_babaevskiy_elitnyy_75_kakao_100g?shopCode=992301&shopType=6,149.99 ₽ -40% 249.99 ₽Шоколад Элитный Бабаевский 75% какао 75г4.8· 403 отзыва,,,,,,По карте,По карте,1699900781
Шоколад Mmmax молочный Milka 260г,https://magnit.ru/product/1000562863-milka_shokolad_molochnyy_260g?shopCode=992301&shopType=6,399.99 ₽ -35% 619.99 ₽Шоколад Mmmax молочный Milka 260г4.9· 54 отзыва,,,,,,,,1000562863
Шоколад Трилогия Schogetten 100г,https://magnit.ru/product/1000258448-schogetten_trilogia_shokolad_190_02300_portsionnyy_dvukhsloynyy_belyy_s_grilyazhem_i_fundukom_moloch?shopCode=992301&shopType=6,149.99 ₽ -11% 169.99 ₽Шоколад Трилогия Schogetten 100г4.8· 53 отзыва,,,,,,По карте,По карте,1000258448
Батончик шоколадный трио с нежной мякотью кокоса Bounty 82.5г,https://magnit.ru/product/1635300035-shokoladnyy_batonchik_bounty_trio_82_5g?shopCode=992301&shopType=6,89.99 ₽Батончик шоколадный трио с нежной мякотью кокоса Bounty 82.5г4.8· 197 отзывов,,,,,,,,1635300035
Шоколад Gold Selection молочный фундук Россия щедрая душа 85г,https://magnit.ru/product/1000457181-rossiya_shchedraya_dusha_gold_selection_shokolad_molochnyy_s_fundukom_85g?shopCode=992301&shopType=6,99.99 ₽ -50% 199.99 ₽Шоколад Gold Selection молочный фундук Россия щедрая душа 85г4.7· 79 отзывов,,,,,,,,1000457181
Паста молочно-шоколадная с фундуком Коровка из Кореновки 330г,https://magnit.ru/product/1000301607-korovka_iz_korenovki_pasta_molochno_shokoladnaya_s_fundukom_330g_plastikovaya_banka_zao_alekseevskiy?shopCode=992301&shopType=6,269.99 ₽ -27% 369.99 ₽Паста молочно-шоколадная с фундуком Коровка из Кореновки 330г4.6· 128 отзывов,,,,,,По карте,По карте,1000301607
Шоколад Bubbles Молочный пористый Milka 72г,https://magnit.ru/product/1000060407-shokolad_milka_bubbles_molochnyy_poristyy_80g?shopCode=992301&shopType=6,99.99 ₽ -50% 199.99 ₽Шоколад Bubbles Молочный пористый Milka 72г4.9· 109 отзывов,,,,,,Товар недели,Товар недели,1000060407
Шоколад молочный Арахис и кукурузные хлопья Alpen Gold 80г,https://magnit.ru/product/1000115573-alpen_gold_shokolad_molochnyy_arakh_kukur_khlop85g_mondelis_21?shopCode=992301&shopType=6,74.99 ₽ -42% 129.99 ₽Шоколад молочный Арахис и кукурузные хлопья Alpen Gold 80г4.8· 18 отзывов,,,,,,,,1000115573
Шоколад молочный с лесным орехом Степ 90г,https://magnit.ru/product/1000269392-step_shokolad_20293_s_lesnym_orekhom_molochnyy_s_nachinkoy_100g_floupak_ao_slavyanka_plyus_15?shopCode=992301&shopType=6,45.99 ₽ -34% 69.99 ₽Шоколад молочный с лесным орехом Степ 90г4.7· 116 отзывов,,,,,,,,1000269392
Шоколад Молочный Клубника со сливками Milka 80г,https://magnit.ru/product/1647000053-shokolad_milka_molochnyy_so_vkusom_klubniki_90g?shopCode=992301&shopType=6,99.99 ₽ -50% 199.99 ₽Шоколад Молочный Клубника со сливками Milka 80г4.8· 95 отзывов,,,,,,Товар недели,Товар недели,1647000053
Шоколад молочный с кокосом и вафлей Россия щедрая душа 82г,https://magnit.ru/product/1000184101-shokolad_rossiya_s_kokosom_i_vafley_90g?shopCode=992301&shopType=6,79.99 ₽ -33% 119.99 ₽Шоколад молочный с кокосом и вафлей Россия щедрая душа 82г4.8· 135 отзывов,,,,,,,,1000184101
Шоколадный батончик Picnic Big 76г,https://magnit.ru/product/1000136578-shokoladnyy_batonchik_picnic_76g?shopCode=992301&shopType=6,69.99 ₽ -36% 109.99 ₽Шоколадный батончик Picnic Big 76г4.8· 399 отзывов,,,,,,,,1000136578
Шоколад молочный с начинкой Степ 90г,https://magnit.ru/product/1000257744-shokolad_step_molochnyy_s_nachinkoy_100g?shopCode=992301&shopType=6,45.99 ₽ -34% 69.99 ₽Шоколад молочный с начинкой Степ 90г4.8· 84 отзыва,,,,,,,,1000257744
Шоколад Темный Особый 40% 85г,https://magnit.ru/product/1630200091-shokolad_osobyy_temnyy_90g?shopCode=992301&shopType=6,129.99 ₽ -31% 189.99 ₽Шоколад Темный Особый 40% 85г4.9· 413 отзывов,,,,,,,,1630200091
Шоколад темный 41% Российский 75/82г,https://magnit.ru/product/1000090828-shokolad_rossiyskiy_temnyy_90g?shopCode=992301&shopType=6,74.99 ₽ -31% 109.99 ₽Шоколад темный 41% Российский 75/82г4.7· 100 отзывов,,,,,,,,1000090828
Шоколад горький 70% Российский 82г,https://magnit.ru/product/1000070727-shokolad_rossiyskiy_gorkiy_70_kakao_90g?shopCode=992301&shopType=6,74.99 ₽ -31% 109.99 ₽Шоколад горький 70% Российский 82г4.8· 271 отзыв,,,,,,,,1000070727
Шоколад White Chocolate белый Schogetten 100г,https://magnit.ru/product/1000391692-schogetten_shokolad_belyy_100g_k_up?shopCode=992301&shopType=6,134.99 ₽Шоколад White Chocolate белый Schogetten 100г4.9· 1 отзыв,,,,,,,,1000391692
Шоколад Молочный Миндаль и лесные ягоды Milka 80г,https://magnit.ru/product/1000077093-shokolad_milka_molochnyy_s_mindalem_i_lesnymi_yagodami_90g?shopCode=992301&shopType=6,99.99 ₽ -50% 199.99 ₽Шоколад Молочный Миндаль и лесные ягоды Milka 80г4.8· 84 отзыва,,,,,,Товар недели,Товар недели,1000077093
Шоколад Молочный Caramel Brownie Schogetten 100г,https://magnit.ru/product/1000252931-schogetten_caramel_brownie_shokolad_190_01960_molochnyy_100g_kartonnaya_upakovka_15?shopCode=992301&shopType=6,84.99 ₽Шоколад Молочный Caramel Brownie Schogetten 100г4.8· 29 отзывов,,,,,,,,1000252931
Шоколад молочный Фундук и изюм Alpen Gold 80г,https://magnit.ru/product/1000070206-shokolad_alpen_gold_molochnyy_s_fundukom_i_izyumom_85g?shopCode=992301&shopType=6,74.99 ₽ -46% 139.99 ₽Шоколад молочный Фундук и изюм Alpen Gold 80г4.8· 263 отзыва,,,,,,,,1000070206
Шоколад Темный Люкс Бабаевский 75г,https://magnit.ru/product/3070910770-shokolad_babaevskiy_lyuks_100g?shopCode=992301&shopType=6,149.99 ₽ -31% 219.99 ₽Шоколад Темный Люкс Бабаевский 75г4.8· 228 отзывов,,,,,,По карте,По карте,3070910770
Батончик шоколадный с хрустящей вафлей Goodmix 29г,https://magnit.ru/product/1000483413-goodmix_shok_baton_s_khrust_vaf_29g_f_p?shopCode=992301&shopType=6,35.99 ₽ -28% 49.99 ₽Батончик шоколадный с хрустящей вафлей Goodmix 29г4.9· 258 отзывов,,,,,,,,1000483413
Шоколад молочный с печеньем и начинкой А4 66г,https://magnit.ru/product/1000519148-a4_shokolad_molochnyy_s_pechenem_i_nachinkoy_66_g?shopCode=992301&shopType=6,79.99 ₽Шоколад молочный с печеньем и начинкой А4 66г4.7· 126 отзывов,,,,,,,,1000519148
Шоколад молочный Кофе с молоком Россия щедрая душа 82г,https://magnit.ru/product/1000090831-shokolad_rossiya_kofe_s_molokom_90g?shopCode=992301&shopType=6,79.99 ₽ -33% 119.99 ₽Шоколад молочный Кофе с молоком Россия щедрая душа 82г4.8· 374 отзыва,,,,,,,,1000090831
Шоколад Babyfox 90г,https://magnit.ru/product/1000560048-babyfox_shokolad_0_09kg?shopCode=992301&shopType=6,119.99 ₽ -45% 219.99 ₽Шоколад Babyfox 90г4.9· 167 отзывов,,,,,,,,1000560048
Батончик шоколадный с карамелью и нугой Mars Max 81г,https://magnit.ru/product/1000081132-batonchik_mars_max_81g?shopCode=992301&shopType=6,92.99 ₽Батончик шоколадный с карамелью и нугой Mars Max 81г4.8· 104 отзыва,,,,,,,,1000081132
Шоколад молочный шоколадная начинка с кусочками Oreo Alpen Gold 85г,https://magnit.ru/product/1000383278-alpen_gold_oreo_shokolad_4240297_molochnyy_s_shokoladnoy_nachinkoy_i_kusochkami_pechenya_oreo_90g_fl?shopCode=992301&shopType=6,74.99 ₽ -39% 123.99 ₽Шоколад молочный шоколадная начинка с кусочками Oreo Alpen Gold 85г4.8· 21 отзыв,,,,,,,,1000383278
Конфеты Победа вкуса Charged вафельные в молочном шоколаде без сахара 150г,https://magnit.ru/product/1000457681-pobeda_vkusa_konfety_vafel_v_moloch_shok_b_sakh_charzhed_150g?shopCode=992301&shopType=6,274.99 ₽ -14% 319.99 ₽Конфеты Победа вкуса Charged вафельные в молочном шоколаде без сахара 150г4.7· 5 отзывов,,,,,,По карте,По карте,1000457681
Шоколад Много молока Алёнка 75г,https://magnit.ru/product/1000140977-shokolad-alenka-mnogo-moloka-90g?shopCode=992301&shopType=6,109.99 ₽ -38% 179.99 ₽Шоколад Много молока Алёнка 75г4.8· 108 отзывов,,,,,,По карте,По карте,1000140977
Шоколад Молочный карамельный мусс с миндалем Ritter Sport 100г,https://magnit.ru/product/1000190294-shokolad_ritter_sport_molochnyy_karamelnyy_muss_100g?shopCode=992301&shopType=6,159.99 ₽ -27% 219.99 ₽Шоколад Молочный карамельный мусс с миндалем Ritter Sport 100г4.8· 68 отзывов,,,,,,,,1000190294
Шоколад молочный Черника и йогурт Alpen Gold 80г,https://magnit.ru/product/1647000007-shokolad_alpen_gold_molochnyy_s_chernichno_yogurtovoy_nachinkoy?shopCode=992301&shopType=6,73.99 ₽ -43% 129.99 ₽Шоколад молочный Черника и йогурт Alpen Gold 80г4.8· 149 отзывов,,,,,,,,1647000007
Шоколад Мороженое Schogetten 100г,https://magnit.ru/product/1000391693-schogetten_shokolad_morozhenoe_100g_k_up?shopCode=992301&shopType=6,149.99 ₽ -11% 169.99 ₽Шоколад Мороженое Schogetten 100г4.8· 44 отзыва,,,,,,По карте,По карте,1000391693
Шоколад Aerated белый пористый Alpen Gold 75г,https://magnit.ru/product/1000367306-alpen_gold_shokolad_4254795_belyy_poristyy_80g_floupak_ooo_mondelis_rus_13?shopCode=992301&shopType=6,89.99 ₽ -30% 129.99 ₽Шоколад Aerated белый пористый Alpen Gold 75г4.8· 331 отзыв,,,,,,,,1000367306
Батончик шоколадный белый с карамелью арахисом и нугой Snickers 81г,https://magnit.ru/product/1000209560-snickers_batonchik_10165224_da_81g_myagkaya_upakovka_rossiya_mars_32_160?shopCode=992301&shopType=6,89.99 ₽Батончик шоколадный белый с карамелью арахисом и нугой Snickers 81г4.8· 288 отзывов,,,,,,,,1000209560
Шоколад грейпфрут 57% Бабаевский 75г,https://magnit.ru/product/1000217352-shokolad_babaevskiy_greypfrut_100g?shopCode=992301&shopType=6,149.99 ₽ -40% 249.99 ₽Шоколад грейпфрут 57% Бабаевский 75г4.9· 449 отзывов,,,,,,По карте,По карте,1000217352
Шоколад Mmmax молочный карамель и обжаренный фундук Milka 270г,https://magnit.ru/product/8000011363-milka_mmmax_shokolad_moloch_karam_i_obzh_funduk_260g_fl_p?shopCode=992301&shopType=6,349.99 ₽ -44% 629.99 ₽Шоколад Mmmax молочный карамель и обжаренный фундук Milka 270г4.8· 86 отзывов,,,,,,,,8000011363
Шоколад молочный миндаль вафля Россия щедрая душа 82г,https://magnit.ru/product/1000178485-shokolad_rossiya_molochnyy_s_mindalem_i_vafley_90g?shopCode=992301&shopType=6,79.99 ₽ -33% 119.99 ₽Шоколад молочный миндаль вафля Россия щедрая душа 82г4.8· 137 отзывов,,,,,,,,1000178485
Трюфели Победа Вкуса шоколадные классические без сахара 150г,https://magnit.ru/product/1000387010-pobeda_vkusa_konfety_8108_tryufel_klassicheskiy_vkus_bez_sakhara_150g_floupak_konditerskaya_fabrika_?shopCode=992301&shopType=6,296.99 ₽ -15% 349.99 ₽Трюфели Победа Вкуса шоколадные классические без сахара 150г4.6· 8 отзывов,,,,,,По карте,По карте,1000387010
Шоколад Oreo Молочный с арахисовой пастой и печеньем Alpen Gold 85г,https://magnit.ru/product/1000203066-shokolad_alpen_gold_oreo_molochnyy_s_arakhisovoy_pastoy_95g?shopCode=992301&shopType=6,74.99 ₽ -42% 129.99 ₽Шоколад Oreo Молочный с арахисовой пастой и печеньем Alpen Gold 85г4.7· 34 отзыва,,,,,,,,1000203066
Шоколад Молочный Milka Milka 80г,https://magnit.ru/product/1000149242-shokolad_milka_molochnyy_90g?shopCode=992301&shopType=6,99.99 ₽ -50% 199.99 ₽Шоколад Молочный Milka Milka 80г4.9· 253 отзыва,,,,,,Товар недели,Товар недели,1000149242
Шоколад Delight Молочный с фундуком и макадамией без глютена Red 70г,https://magnit.ru/product/1000247883-red_shokolad_00_00000500_molochnyy_so_snizhennoy_kaloriynostyu_s_fundukom_i_makadamiey_100g_kartonna?shopCode=992301&shopType=6,199.99 ₽Шоколад Delight Молочный с фундуком и макадамией без глютена Red 70г4.9· 18 отзывов,,,,,,По карте,По карте,1000247883
Шоколад молочный с кокосовой начинкой и вафлей Milk Story 80г,https://magnit.ru/product/1000518453-konfesta_shokolad_moloch_s_kokos_nachin_i_vafley_80g?shopCode=992301&shopType=6,59.99 ₽ -25% 79.99 ₽Шоколад молочный с кокосовой начинкой и вафлей Milk Story 80г4.6· 62 отзыва,,,,,,,,1000518453
Шоколад молочный с молочной начинкой Babyfox 45г,https://magnit.ru/product/1000391920-babyfox_shok_molochnyy_s_molochnoy_nachinkoy_45g?shopCode=992301&shopType=6,49.99 ₽ -30% 71.99 ₽Шоколад молочный с молочной начинкой Babyfox 45г4.9· 556 отзывов,,,,,,По карте,По карте,1000391920
Шоколад молочный карамель арахис Россия щедрая душа 82г,https://magnit.ru/product/1000152340-shokolad_rossiya_molochnyy_karamel_i_arakhis_90g?shopCode=992301&shopType=6,79.99 ₽ -33% 119.99 ₽Шоколад молочный карамель арахис Россия щедрая душа 82г4.8· 237 отзывов,,,,,,,,1000152340
Шоколад белый Schogetten Chai Latte 100г,https://magnit.ru/product/1000562517-schogetten_shokolad_belyy_chai_latte_100g_k_u?shopCode=992301&shopType=6,149.99 ₽Шоколад белый Schogetten Chai Latte 100г4.2· 36 отзывов,,,,,,,,1000562517
Молочный шоколад с молочной начинкой Хрутка 90г,https://magnit.ru/product/8000010028-molochnyy_shokolad_khrutka_s_molochnoy_nachinkoy_90g?shopCode=992301&shopType=6,89.99 ₽ -45% 164.99 ₽Молочный шоколад с молочной начинкой Хрутка 90г4.6· 9 отзывов,,,,,,,,8000010028
Шоколад молочный Соленый арахис и крекер Alpen Gold 80г,https://magnit.ru/product/1000115570-shokolad_alpen_gold_molochnyy_s_solenym_arakhisom_i_krekerom_85g?shopCode=992301&shopType=6,74.99 ₽ -42% 129.99 ₽Шоколад молочный Соленый арахис и крекер Alpen Gold 80г4.8· 132 отзыва,,,,,,,,1000115570
Шоколад молочный с вафельной крошкой Победа 85г,https://magnit.ru/product/1000517945-shokolad_molochnyy_s_vafelnoy_kroshkoy_85g_fl_p_kf_pobeda?shopCode=992301&shopType=6,64.99 ₽Шоколад молочный с вафельной крошкой Победа 85г4.6· 72 отзыва,,,,,,,,1000517945
Шоколад белый с малиной Premiere of taste 80г,https://magnit.ru/product/1000390448-premiere_of_taste_shokolad_belyy_s_malinoy_80g?shopCode=992301&shopType=6,129.99 ₽Шоколад белый с малиной Premiere of taste 80г4.7· 93 отзыва,,,,,,По карте,По карте,1000390448
Шоколад Победа вкуса Молочный на стевии 36% какао 100г,https://magnit.ru/product/1000148117-pobeda_vkusa_shokolad_mol_36_kakao_steviya_100g_kf_pobeda_10?shopCode=992301&shopType=6,229.99 ₽Шоколад Победа вкуса Молочный на стевии 36% какао 100г4.8· 100 отзывов,,,,,,По карте,По карте,1000148117
Шоколад Молочный Алёнка 75г,https://magnit.ru/product/2400022587-shokolad_alenka_molochnyy_100g?shopCode=992301&shopType=6,109.99 ₽ -38% 179.99 ₽Шоколад Молочный Алёнка 75г4.8· 219 отзывов,,,,,,По карте,По карте,2400022587
Шоколад молочный milk&extra hazelnut Ozera 90г,https://magnit.ru/product/1000273743-o_zera_shokolad_psh504_molochnyy_hazelnut_90g_floupak_zao_kdv_pavlovskiy_possad_18?shopCode=992301&shopType=6,131.99 ₽ -12% 149.99 ₽Шоколад молочный milk&extra hazelnut Ozera 90г4.8· 3 отзыва,,,,,,По карте,По карте,1000273743
Шоколадный батончик Milky Way 26г,https://magnit.ru/product/3113530008-batonchik_milkyway_26g?shopCode=992301&shopType=6,24.99 ₽Шоколадный батончик Milky Way 26г4.9· 175 отзывов,,,,,,,,3113530008
Шоколад Bubbles Молочный пористый с Бананово-йогуртовой начинкой Milka 87г,https://magnit.ru/product/1000324321-milka_shokolad_molochnyy_s_bananovo_yogurtovoy_nachinkoy_97g_floupak_ooo_mondelis_rus_15?shopCode=992301&shopType=6,99.99 ₽ -50% 199.99 ₽Шоколад Bubbles Молочный пористый с Бананово-йогуртовой начинкой Milka 87г4.8· 20 отзывов,,,,,,Товар недели,Товар недели,1000324321
Батончик в белом шоколаде с фундуком и фисташкой Nuts 47г,https://magnit.ru/product/1000564184-nuts_batonchik_v_belom_shokolade_s_fundukom_i_fistashkoy_47g?shopCode=992301&shopType=6,82.99 ₽ -24% 109.99 ₽Батончик в белом шоколаде с фундуком и фисташкой Nuts 47г4.7· 113 отзывов,,,,,,,,1000564184
Батончик шоколадный лесной орех Snickers 81г,https://magnit.ru/product/1635300123-shokoladnyy_batonchik_snickers_lesnoy_orekh_81g?shopCode=992301&shopType=6,89.99 ₽Батончик шоколадный лесной орех Snickers 81г4.8· 210 отзывов,,,,,,,,1635300123
Шоколад молочный с карамельно-кремовой начинкой и арахисом Milk Story 80г,https://magnit.ru/product/1000518452-konfesta_shokolad_moloch_s_karam_krem_nachin_i_arakh_80g?shopCode=992301&shopType=6,59.99 ₽ -25% 79.99 ₽Шоколад молочный с карамельно-кремовой начинкой и арахисом Milk Story 80г4.6· 79 отзывов,,,,,,,,1000518452
Шоколад молочный с начинкой со вкусом капучино Alpen Gold 80г,https://magnit.ru/product/1000115572-shokolad_alpen_gold_oreo_molochnyy_s_kapuchino_85g?shopCode=992301&shopType=6,74.99 ₽ -42% 129.99 ₽Шоколад молочный с начинкой со вкусом капучино Alpen Gold 80г4.8· 183 отзыва,,,,,,,,1000115572
Конфеты Победа вкуса Charged вафельные в горьком шоколаде без сахара 150г,https://magnit.ru/product/1000457680-pobeda_vkusa_konfety_vafel_v_gork_shok_b_sakh_charzhed_150g?shopCode=992301&shopType=6,274.99 ₽ -14% 319.99 ₽Конфеты Победа вкуса Charged вафельные в горьком шоколаде без сахара 150г4.8· 12 отзывов,,,,,,По карте,По карте,1000457680
Шоколад Путешествие темный 46% Россия щедрая душа 82г,https://magnit.ru/product/1000090827-puteshestvie_shokolad_temnyy_90g_nestle_22?shopCode=992301&shopType=6,78.99 ₽ -25% 105.99 ₽Шоколад Путешествие темный 46% Россия щедрая душа 82г4.8· 22 отзыва,,,,,,,,1000090827
Шоколад Молочный Goldschatz Ritter Sport 250г,https://magnit.ru/product/1000159245-goldschatz_shokolad_molochnyy_250g_fl_p_ritter_11?shopCode=992301&shopType=6,349.99 ₽ -25% 469.99 ₽Шоколад Молочный Goldschatz Ritter Sport 250г4.8· 67 отзывов,,,,,,,,1000159245
Шоколад молочный с изюмом и арахисом Сударушка 82г,https://magnit.ru/product/1000090833-molochnyy_shokolad_sudarushka_izyum_i_arakhis_90g?shopCode=992301&shopType=6,79.99 ₽ -36% 125.99 ₽Шоколад молочный с изюмом и арахисом Сударушка 82г4.8· 28 отзывов,,,,,,,,1000090833
Шоколад молочный с цельным миндалем вкус меда Россия Gold Selection 80г,https://magnit.ru/product/1000517766-rossiya_gold_selection_shok_molochnyy_tselnyy_mindal_med_80g?shopCode=992301&shopType=6,104.99 ₽Шоколад молочный с цельным миндалем вкус меда Россия Gold Selection 80г4.7· 8 отзывов,,,,,,По карте,По карте,1000517766
Шоколад Молочный ореховая паста с миндалем Milka 80г,https://magnit.ru/product/1000309125-milka_shokolad_molochnyy_orekhovaya_pasta_s_mindalem_90g_floupak_ooo_mondelis_rus_20?shopCode=992301&shopType=6,99.99 ₽ -50% 199.99 ₽Шоколад Молочный ореховая паста с миндалем Milka 80г4.8· 14 отзывов,,,,,,Товар недели,Товар недели,1000309125
Шоколад Победа вкуса без сахара темный 100г,https://magnit.ru/product/1000095276-pobeda_vkusa_shokolad_temnyy_bez_sakhara_100g_kf_pobeda_10?shopCode=992301&shopType=6,239.99 ₽Шоколад Победа вкуса без сахара темный 100г4.8· 16 отзывов,,,,,,По карте,По карте,1000095276
Батончик сливочный Обыкновенное чудо 55г,https://magnit.ru/product/1633576064-batonchik_obyknovennoe_chudo_55g?shopCode=992301&shopType=6,39.99 ₽ -31% 57.99 ₽Батончик сливочный Обыкновенное чудо 55г4.8· 98 отзывов,,,,,,,,1633576064
Паста шоколадно-молочная Lucky Days 350г,https://magnit.ru/product/1000274699-pasta_shokoladno_molochnaya_lucky_days_350g?shopCode=992301&shopType=6,189.99 ₽Паста шоколадно-молочная Lucky Days 350г4.6· 123 отзыва,,,,,,,,1000274699
Молочный шоколад с фундуком Сударушка 82г,https://magnit.ru/product/1000090832-sudarushka_molochnyy_shokolad_s_fundukom_90g_nestle_20?shopCode=992301&shopType=6,79.99 ₽ -36% 125.99 ₽Молочный шоколад с фундуком Сударушка 82г4.8· 29 отзывов,,,,,,,,1000090832
Шоколад молочный с рисовым криспом Победа 85г,https://magnit.ru/product/1000517946-shokolad_molochnyy_s_risovym_krispom_85g_fl_p_kf_pobeda?shopCode=992301&shopType=6,64.99 ₽Шоколад молочный с рисовым криспом Победа 85г4.7· 48 отзывов,,,,,,,,1000517946
Шоколад Bubbles Молочный пористый с кокосовой начинкой Milka 87г,https://magnit.ru/product/1000184362-shokolad_milka_bubbles_molochnyy_poristyy_s_kokosom_97g?shopCode=992301&shopType=6,99.99 ₽ -50% 199.99 ₽Шоколад Bubbles Молочный пористый с кокосовой начинкой Milka 87г4.8· 42 отзыва,,,,,,Товар недели,Товар недели,1000184362
Шоколад Молочный с лесным орехом и миндалем Merci 100г,https://magnit.ru/product/1000143956-merci_moloch_shokolad_drob_lesn_orekh_mind_100g_k_up_shtork_15?shopCode=992301&shopType=6,189.99 ₽ -29% 269.99 ₽Шоколад Молочный с лесным орехом и миндалем Merci 100г4.9· 10 отзывов,,,,,,По карте,По карте,1000143956
Шоколад белый цельный миндаль кокос Россия Gold Selection 80г,https://magnit.ru/product/1000517767-rossiya_gold_selection_shok_belyy_tselnyy_mindal_kokos_80g?shopCode=992301&shopType=6,104.99 ₽Шоколад белый цельный миндаль кокос Россия Gold Selection 80г4.7· 9 отзывов,,,,,,По карте,По карте,1000517767
Шоколад Победа вкуса без сахара темный 100г,https://magnit.ru/product/1000095275-pobeda_vkusa_shokolad_gorkiy_bez_sakhara_100g_kf_pobeda_10?shopCode=992301&shopType=6,269.99 ₽Шоколад Победа вкуса без сахара темный 100г4.8· 63 отзыва,,,,,,По карте,По карте,1000095275
Шоколад MaxFan шоколадное драже арахис взрывная карамель Alpen Gold 140г,https://magnit.ru/product/8000009288-shokolad_alpen_gold_maxfan_shok_drazhe_arakh_vzryv_karam_0_14?shopCode=992301&shopType=6,139.99 ₽ -39% 229.99 ₽Шоколад MaxFan шоколадное драже арахис взрывная карамель Alpen Gold 140г4.9· 14 отзывов,,,,,,,,8000009288
Шоколад Молочный Цельный лесной орех Ritter Sport 100г,https://magnit.ru/product/1000173908-shokolad_ritter_sport_molochnyy_tselnyy_orekh_100g?shopCode=992301&shopType=6,189.99 ₽ -42% 329.99 ₽Шоколад Молочный Цельный лесной орех Ritter Sport 100г4.9· 131 отзыв,,,,,,,,1000173908
Шоколад с миндалем 55% Бабаевский 90г,https://magnit.ru/product/1610600043-shokolad_babaevskiy_mindal_100g?shopCode=992301&shopType=6,169.99 ₽ -45% 309.99 ₽Шоколад с миндалем 55% Бабаевский 90г4.8· 177 отзывов,,,,,,По карте,По карте,1610600043
Шоколад с молочной начинкой Kinder Chocolate 4шт*12.5г,https://magnit.ru/product/1661500010-shokolad_kinder_molochnyy_50g?shopCode=992301&shopType=6,99.99 ₽Шоколад с молочной начинкой Kinder Chocolate 4шт*12.5г4.9· 112 отзывов,,,,,,,,1661500010
Темный шоколад Эрмитаж с миндалем 45% 180г,https://magnit.ru/product/8000018870-ermitazh_temnyy_shokolad_s_mindalem_45_180g_konfesta?shopCode=992301&shopType=6,249.99 ₽ -32% 369.99 ₽Темный шоколад Эрмитаж с миндалем 45% 180г4.8· 18 отзывов,,,,,,,,8000018870
Шоколад Молочный с разноцветным драже Алёнка 90г,https://magnit.ru/product/1000110237-shokolad-alenka-molochnyy-s-raznotsvetnym-drazhe-90g?shopCode=992301&shopType=6,139.99 ₽ -41% 239.99 ₽Шоколад Молочный с разноцветным драже Алёнка 90г4.8· 23 отзыва,,,,,,По карте,По карте,1000110237
Шоколадный батончик Picnic 52г,https://magnit.ru/product/1000108037-shokoladnyy_batonchik_picnic_s_gretskim_orekhom_52g?shopCode=992301&shopType=6,64.99 ₽ -27% 89.99 ₽Шоколадный батончик Picnic 52г4.7· 143 отзыва,,,,,,,,1000108037
Шоколад Клубничный йогурт Schogetten 100г,https://magnit.ru/product/1000390853-schogetten_shokolad_s_klubnichno_yogurt_nachinkoy_100g?shopCode=992301&shopType=6,119.99 ₽Шоколад Клубничный йогурт Schogetten 100г4.8· 10 отзывов,,,,,,,,1000390853
Шоколад Oreo Alpen Gold 85г,https://magnit.ru/product/1000184363-shokolad_alpen_gold_oreo_95g?shopCode=992301&shopType=6,69.99 ₽ -46% 129.99 ₽Шоколад Oreo Alpen Gold 85г4.8· 212 отзывов,,,,,,,,1000184363
Шоколад Eco-Botanica Горький с апельсиновыми кусочками и витаминами 90г,https://magnit.ru/product/1000094126-eco_botanica_gor_shok_s_apels_kusoch_i_vitam_90g_rotfront_20?shopCode=992301&shopType=6,239.99 ₽Шоколад Eco-Botanica Горький с апельсиновыми кусочками и витаминами 90г4.6· 3 отзыва,,,,,,По карте,По карте,1000094126
Шоколад темный грушевый тарт со вкусом маскарпоне 42% Вдохновение 100г,https://magnit.ru/product/1000446703-vdokhnovenie_temn_shokol_grush_tart_mask_100g_babaevskiy?shopCode=992301&shopType=6,188.99 ₽ -44% 339.99 ₽Шоколад темный грушевый тарт со вкусом маскарпоне 42% Вдохновение 100г4.8· 36 отзывов,,,,,,По карте,По карте,1000446703
Шоколад молочный Popcorn Schogetten 100г,https://magnit.ru/product/1000562515-schogetten_shokolad_molochnyy_popcorn_100g_k_up?shopCode=992301&shopType=6,149.99 ₽ -11% 169.99 ₽Шоколад молочный Popcorn Schogetten 100г4.7· 24 отзыва,,,,,,По карте,По карте,1000562515
Шоколадное яйцо Kinder Сюрприз 20г,https://magnit.ru/product/1661500013-shokoladnoe_yaytso_kinder_syurpriz?shopCode=992301&shopType=6,129.99 ₽Шоколадное яйцо Kinder Сюрприз 20г4.8· 185 отзывов,,,,,,,,1661500013
Шоколад Особый соленая карамель и шоколадный брауни Ritter Sport Duo 218г,https://magnit.ru/product/8000009332-ritter_sport_shokol_osob_duo_sol_karam_i_shok_braun_0_218kg?shopCode=992301&shopType=6,366.99 ₽ -21% 469.99 ₽Шоколад Особый соленая карамель и шоколадный брауни Ritter Sport Duo 218г4.7· 15 отзывов,,,,,,,,8000009332
Шоколад Extra Milk Ozera 90г,https://magnit.ru/product/1000274195-ozera_shokolad_extra_milk_90g_k_up_ozerskiy_suvenir_18?shopCode=992301&shopType=6,131.99 ₽ -12% 149.99 ₽Шоколад Extra Milk Ozera 90г4.7· 4 отзыва,,,,,,По карте,По карте,1000274195
Шоколад молочный Соленая карамель Ritter Sport 100г,https://magnit.ru/product/1000565795-ritter_sport_shokolad_moloch_solenaya_karamel_100g?shopCode=992301&shopType=6,159.99 ₽ -40% 269.99 ₽Шоколад молочный Соленая карамель Ritter Sport 100г4.8· 23 отзыва,,,,,,,,1000565795
Шоколад белый с лимонной начинкой Ritter Sport 100г,https://magnit.ru/product/1000556485-ritter_sport_shokolad_belyy_s_limonnoy_nachinkoy_100g?shopCode=992301&shopType=6,169.99 ₽Шоколад белый с лимонной начинкой Ritter Sport 100г4.7· 1 отзыв,,,,,,,,1000556485
Шоколад молочный Клубника со сливками Алёнка 87г,https://magnit.ru/product/1000389750-alenka_shokolad_molochnyy_klubnika_so_slivkami_87g?shopCode=992301&shopType=6,119.99 ₽ -45% 219.99 ₽Шоколад молочный Клубника со сливками Алёнка 87г4.7· 1 отзыв,,,,,,По карте,По карте,1000389750
Шоколадное яйцо Kinder Макси 100г в ассортименте,https://magnit.ru/product/1000093546-kinder_shok_yaytso_maksi_shokolad_100g_ferrero_russiya_12?shopCode=992301&shopType=6,569.99 ₽Шоколадное яйцо Kinder Макси 100г в ассортименте4.8· 63 отзыва,,,,,,,,1000093546
Шоколад со злаками Kinder Chocolate Country 23.5г,https://magnit.ru/product/1661500004-kinder_kantri_24g?shopCode=992301&shopType=6,59.99 ₽Шоколад со злаками Kinder Chocolate Country 23.5г4.9· 67 отзывов,,,,,,,,1661500004
Батончик шоколадный Nuts Duo вкус кленового пекана 60г,https://magnit.ru/product/1000565647-nuts_duo_batonchik_shokoladnyy_vkus_klenovogo_pekana_60g?shopCode=992301&shopType=6,82.99 ₽ -21% 105.99 ₽Батончик шоколадный Nuts Duo вкус кленового пекана 60г4.6· 41 отзыв,,,,,,По карте,По карте,1000565647
Шоколад Горький 55% Бабаевский 75г,https://magnit.ru/product/2400022603-shokolad_babaevskiy_gorkiy_100g?shopCode=992301&shopType=6,149.99 ₽ -40% 249.99 ₽Шоколад Горький 55% Бабаевский 75г4.8· 11 отзывов,,,,,,По карте,По карте,2400022603
Шоколад молочный орех Bucheron Blanc Edition 85г,https://magnit.ru/product/1000537308-bucheron_blanc_edition_shok_mol_orekh_85g?shopCode=992301&shopType=6,174.99 ₽ -30% 249.99 ₽Шоколад молочный орех Bucheron Blanc Edition 85гНет отзывов,,,,,,По карте,По карте,1000537308
Шоколад Maxibon сэндвич с карамелью и мороженым Россия щедрая душа 198г,https://magnit.ru/product/1000512947-rossiya_shchedr_dusha_maxibon_shokolad_sendvich_karam_morozh_198g?shopCode=992301&shopType=6,186.99 ₽ -50% 379.99 ₽Шоколад Maxibon сэндвич с карамелью и мороженым Россия щедрая душа 198г4.7· 115 отзывов,,,,,,,,1000512947
Шоколад Темный с апельсиновыми кусочками и миндалем Бабаевский 75г,https://magnit.ru/product/1000051231-shokolad_babaevskiy_apelsin_i_mindal_100g?shopCode=992301&shopType=6,149.99 ₽ -40% 249.99 ₽Шоколад Темный с апельсиновыми кусочками и миндалем Бабаевский 75г4.9· 5 отзывов,,,,,,По карте,По карте,1000051231
Батончик шоколадный с нежной мякотью кокоса Bounty 165г,https://magnit.ru/product/1000359630-shokoladnyy_batonchik_bounty_165g?shopCode=992301&shopType=6,169.99 ₽Батончик шоколадный с нежной мякотью кокоса Bounty 165г4.9· 5 отзывов,,,,,,,,1000359630
Шоколад Red Карамелизованный молочный 85г,https://magnit.ru/product/1000450575-red_karamelizovannyy_belyy_shokolad_85g?shopCode=992301&shopType=6,219.99 ₽Шоколад Red Карамелизованный молочный 85г4.7· 9 отзывов,,,,,,,,1000450575
Шоколад Классический темный Вдохновение 90г,https://magnit.ru/product/1610600025-shokolad_vdokhnovenie_100g?shopCode=992301&shopType=6,159.99 ₽ -42% 279.99 ₽Шоколад Классический темный Вдохновение 90г4.8· 102 отзыва,,,,,,По карте,По карте,1610600025
Шоколад Aerated молочный пористый Alpen Gold 80г,https://magnit.ru/product/1000367307-alpen_gold_shokolad_4254793_molochnyy_poristyy_80g_floupak_ooo_mondelis_rus_13?shopCode=992301&shopType=6,89.99 ₽ -30% 129.99 ₽Шоколад Aerated молочный пористый Alpen Gold 80г4.8· 56 отзывов,,,,,,,,1000367307
Шоколадный батончик Клубничный коктейль Milky Way 26г,https://magnit.ru/product/1635300108-milkyway_klubnichnyy_kokteyl_26g_mars_36_216?shopCode=992301&shopType=6,26.99 ₽Шоколадный батончик Клубничный коктейль Milky Way 26г4.8· 61 отзыв,,,,,,,,1635300108
Шоколад с молочной начинкой Kinder Chocolate 8шт*12.5г,https://magnit.ru/product/3070940311-shokolad_kinder_molochnyy_100g?shopCode=992301&shopType=6,199.99 ₽Шоколад с молочной начинкой Kinder Chocolate 8шт*12.5г4.9· 154 отзыва,,,,,,,,3070940311
Шоколад Delight молочный Яблоко фундук без сахара Red 70г,https://magnit.ru/product/1000344631-red_shokolad_00_00001460_molochnyy_yabloko_koritsa_bez_sakhara_100g_kartonnaya_upakovka_20?shopCode=992301&shopType=6,199.99 ₽Шоколад Delight молочный Яблоко фундук без сахара Red 70г4.9· 14 отзывов,,,,,,По карте,По карте,1000344631
Шоколад Хрустящий ореховый крем и пирожное Ritter Sport Duo 218г,https://magnit.ru/product/8000009330-ritter_sport_shokol_khrust_duo_orekh_krem_i_pirozhn_0_218kg?shopCode=992301&shopType=6,366.99 ₽ -21% 469.99 ₽Шоколад Хрустящий ореховый крем и пирожное Ritter Sport Duo 218г4.7· 13 отзывов,,,,,,,,8000009330
Шоколад темный яркий апельсин Ritter Sport 100г,https://magnit.ru/product/1000493425-ritter_sport_shokolad_temnyy_yarkiy_apelsin_100g_fl_p?shopCode=992301&shopType=6,159.99 ₽ -40% 269.99 ₽Шоколад темный яркий апельсин Ritter Sport 100г4.7· 24 отзыва,,,,,,,,1000493425
Шоколад молочный с хрустящими шариками Хрутка 88г,https://magnit.ru/product/8000010029-molochnyy_shokolad_khrutka_fruttifan_s_khrustyashch_sharik_88g?shopCode=992301&shopType=6,98.99 ₽ -40% 164.99 ₽Шоколад молочный с хрустящими шариками Хрутка 88г4.5· 10 отзывов,,,,,,,,8000010029
Шоколад темный с цельным миндалем Ritter Sport 50% 100г,https://magnit.ru/product/1000362132-ritter_sport_shokoladnaya_plita_ru7086_shokolad_temnyy_s_nachinkoy_tselnyy_mindal_100g_floupak_11?shopCode=992301&shopType=6,186.99 ₽ -28% 259.99 ₽Шоколад темный с цельным миндалем Ritter Sport 50% 100г4.8· 50 отзывов,,,,,,,,1000362132
Шоколад Победа вкуса Charged молочный с фундуком 90г,https://magnit.ru/product/1000459609-pobeda_vkusa_shokolad_molochnyy_s_fundukom_charged_90g?shopCode=992301&shopType=6,272.99 ₽Шоколад Победа вкуса Charged молочный с фундуком 90г4.8· 2 отзыва,,,,,,По карте,По карте,1000459609
Шоколад Молочный с цельным фундуком Milka 80г,https://magnit.ru/product/1000149245-shokolad_milka_molochnyy_s_tselnym_fundukom_90g?shopCode=992301&shopType=6,99.99 ₽ -54% 219.99 ₽Шоколад Молочный с цельным фундуком Milka 80г4.9· 465 отзывов,,,,,,Товар недели,Товар недели,1000149245
Шоколад Красный Октябрь Украли Сахар молочный пористый 90г,https://magnit.ru/product/1000340950-krasnyy_oktyabr_shokolad_molochnyy_poristyy_bez_sakhara_90g_bumazhnaya_upakovka_pao_moskovskaya_kond?shopCode=992301&shopType=6,198.99 ₽ -35% 309.99 ₽Шоколад Красный Октябрь Украли Сахар молочный пористый 90г4.8· 4 отзыва,,,,,,По карте,По карте,1000340950
Шоколад молочный Какао мусс Ritter Sport 100г,https://magnit.ru/product/1000564086-ritter_sport_shokolad_mol_kakao_muss_100g?shopCode=992301&shopType=6,159.99 ₽Шоколад молочный Какао мусс Ritter Sport 100г4.8· 18 отзывов,,,,,,,,1000564086
Шоколад молочный с ореховой нугой Schogetten 100г,https://magnit.ru/product/1000447251-schogetten_shok_mol_s_orekhovoy_nugoy_k_up100g?shopCode=992301&shopType=6,149.99 ₽ -11% 169.99 ₽Шоколад молочный с ореховой нугой Schogetten 100г4.7· 4 отзыва,,,,,,По карте,По карте,1000447251
Батончик шоколадный с нежной мякотью кокоса Bounty 55г,https://magnit.ru/product/1635300004-batonchik_bounty_55g?shopCode=992301&shopType=6,59.99 ₽Батончик шоколадный с нежной мякотью кокоса Bounty 55г4.9· 94 отзыва,,,,,,,,1635300004
Шоколад Молочный Лесной орех Ritter Sport 100г,https://magnit.ru/product/1000184176-shokolad_ritter_sport_lesnoy_orekh_100g?shopCode=992301&shopType=6,159.99 ₽ -40% 269.99 ₽Шоколад Молочный Лесной орех Ritter Sport 100г4.8· 44 отзыва,,,,,,,,1000184176
Шоколадный батончик Snickers 50.5г,https://magnit.ru/product/1000085322-shokoladnyy_batonchik_snickers_50_5g?shopCode=992301&shopType=6,59.99 ₽Шоколадный батончик Snickers 50.5г4.8· 126 отзывов,,,,,,,,1000085322
Шоколадный батончик Milky Way 1+1 52г,https://magnit.ru/product/1635300076-milkyway_batonchik_1_1_52g_mars_18_108?shopCode=992301&shopType=6,59.99 ₽Шоколадный батончик Milky Way 1+1 52г4.9· 66 отзывов,,,,,,,,1635300076
Темный шоколад с шоколадной начинкой КФ Крупской 47г,https://magnit.ru/product/3113020018-batonchik_s_shok_nach_50g_kf_im_krupskoy_20?shopCode=992301&shopType=6,69.99 ₽ -22% 89.99 ₽Темный шоколад с шоколадной начинкой КФ Крупской 47г4.9· 20 отзывов,,,,,,По карте,По карте,3113020018
Шоколад Молочный Алёнка 200г,https://magnit.ru/product/1000140973-shokolad_alenka_molochnyy_200g?shopCode=992301&shopType=6,299.99 ₽ -34% 459.99 ₽Шоколад Молочный Алёнка 200г4.8· 252 отзыва,,,,,,По карте,По карте,1000140973
Шоколад Maxibon Мороженое и печенье Россия щедрая душа 80г,https://magnit.ru/product/1000415436-rossiya_shchedraya_dusha_so_vk_mor_maxibon_i_pechen_80g?shopCode=992301&shopType=6,89.99 ₽Шоколад Maxibon Мороженое и печенье Россия щедрая душа 80г4.7· 17 отзывов,,,,,,,,1000415436
Конфета Мегабайт Цельный фундук Nuts 66г,https://magnit.ru/product/1616300078-batonchik_nuts_megabayt_c_lesnym_orekhom_66g?shopCode=992301&shopType=6,69.99 ₽ -36% 109.99 ₽Конфета Мегабайт Цельный фундук Nuts 66г4.7· 144 отзыва,,,,,,,,1616300078
Шоколад темный с миндалем 44% Российский 75/82г,https://magnit.ru/product/1000090829-shokolad_rossiyskiy_temnyy_s_mindalem_90g?shopCode=992301&shopType=6,74.99 ₽ -31% 109.99 ₽Шоколад темный с миндалем 44% Российский 75/82г4.8· 113 отзывов,,,,,,,,1000090829
Шоколад Neo/Eco Botanica Горький с вишней и экстрактом черники 72% 85г,https://magnit.ru/product/1000222207-eco_botanica_shokolad_rf18868_gorkiy_s_vishney_i_ekstraktom_cherniki_85g_bumazhnaya_upakovka_oao_rot?shopCode=992301&shopType=6,198.99 ₽Шоколад Neo/Eco Botanica Горький с вишней и экстрактом черники 72% 85гНет отзывов,,,,,,По карте,По карте,1000222207
Паста шоколадная с орехом Greenadini 600г,https://magnit.ru/product/1000564852-greenadini_pasta_shok_orekh_600g_pl_ban?shopCode=992301&shopType=6,419.99 ₽Паста шоколадная с орехом Greenadini 600г4.4· 3 отзыва,,,,,,,,1000564852
Шоколад Bucheron с темной начинкой,https://magnit.ru/product/8000013991-bucheron_shokolad_s_temnoy_nachinkoy?shopCode=992301&shopType=6,69.99 ₽Шоколад Bucheron с темной начинкой4.9· 6 отзывов,,,,,,,,8000013991
Шоколад молочный фундук изюм Россия щедрая душа 82г,https://magnit.ru/product/1000178486-shokolad_rossiya_shchedraya_dusha_molochnyy_funduk_izyum_82g?shopCode=992301&shopType=6,79.99 ₽ -33% 119.99 ₽Шоколад молочный фундук изюм Россия щедрая душа 82г4.8· 21 отзыв,,,,,,,,1000178486
Шоколад Gold Selection темный фундук 40% Россия щедрая душа 85г,https://magnit.ru/product/1000457182-rossiya_shchedraya_dusha_gold_selection_shokolad_temnyy_s_fundukom_85g?shopCode=992301&shopType=6,99.99 ₽Шоколад Gold Selection темный фундук 40% Россия щедрая душа 85г4.6· 28 отзывов,,,,,,,,1000457182
Шоколад молочный миндаль изюм Россия щедрая душа 82г,https://magnit.ru/product/1000166638-shokolad_rossiya_shchedraya_dusha_molochnyy_mindal_izyum_90g?shopCode=992301&shopType=6,79.99 ₽ -33% 119.99 ₽Шоколад молочный миндаль изюм Россия щедрая душа 82г4.8· 56 отзывов,,,,,,,,1000166638
Шоколад темный с имбирным печеньем Бабаевский 90г,https://magnit.ru/product/1000560155-babaevskiy_shokolad_temnyy_s_imbirnym_pechenem_90g?shopCode=992301&shopType=6,149.99 ₽ -51% 309.99 ₽Шоколад темный с имбирным печеньем Бабаевский 90г4.7· 2 отзыва,,,,,,По карте,По карте,1000560155
Шоколад темный Апельсины в ликёре Dy Nastie 45% 100г,https://magnit.ru/product/1000499885-dy_nastie_shokolad_temnyy_apelsiny_v_likyere_100g_k_up?shopCode=992301&shopType=6,109.99 ₽Шоколад темный Апельсины в ликёре Dy Nastie 45% 100г4.6· 11 отзывов,,,,,,По карте,По карте,1000499885
Шоколад Bitter Горький 70% Alpen Gold 75г,https://magnit.ru/product/1000212188-shokolad_alpen_gold_bitter_gorkiy_70_80g?shopCode=992301&shopType=6,179.99 ₽Шоколад Bitter Горький 70% Alpen Gold 75г4.7· 126 отзывов,,,,,,,,1000212188
Шоколад Молочный Алёнка 15г,https://magnit.ru/product/1000140974-shokolad_alenka_molochnyy_15g?shopCode=992301&shopType=6,26.99 ₽ -35% 41.99 ₽Шоколад Молочный Алёнка 15г4.8· 17 отзывов,,,,,,По карте,По карте,1000140974
Шоколад белый Schogetten Blonde Almond 100г,https://magnit.ru/product/1000562521-schogetten_shokolad_belyy_blonde_almond_100g_k_up?shopCode=992301&shopType=6,149.99 ₽ -11% 169.99 ₽Шоколад белый Schogetten Blonde Almond 100гНет отзывов,,,,,,По карте,По карте,1000562521
Шоколадный батончик Picnic 38г,https://magnit.ru/product/1000136577-shokoladnyy_batonchik_picnic_38g?shopCode=992301&shopType=6,43.99 ₽ -16% 52.99 ₽Шоколадный батончик Picnic 38г4.9· 4 отзыва,,,,,,,,1000136577
Шоколадный батончик фундук мороженое печенье Nuts Duo 60г,https://magnit.ru/product/1000508486-nuts_duo_shokoladnyy_batonchik_fund_morozh_pechene_60g?shopCode=992301&shopType=6,107.99 ₽Шоколадный батончик фундук мороженое печенье Nuts Duo 60г4.7· 109 отзывов,,,,,,,,1000508486
Шоколад молочный Nuts соленая карамель-фундук Россия щедрая душа 200г,https://magnit.ru/product/1000512948-rossiya_shchedr_dusha_nuts_shokolad_mol_solen_karam_funduk_200g?shopCode=992301&shopType=6,179.99 ₽ -45% 329.99 ₽Шоколад молочный Nuts соленая карамель-фундук Россия щедрая душа 200г4.6· 71 отзыв,,,,,,,,1000512948
Шоколад Aerated темный пористый Alpen Gold 80/75г,https://magnit.ru/product/1000367308-alpen_gold_shokolad_4254794_temnyy_poristyy_80g_floupak_ooo_mondelis_rus_13?shopCode=992301&shopType=6,89.99 ₽ -30% 129.99 ₽Шоколад Aerated темный пористый Alpen Gold 80/75г4.7· 80 отзывов,,,,,,,,1000367308
Шоколад Merci темный с марципаном 112г,https://magnit.ru/product/8000011378-merci_shokolad_temnyy_s_martsipanom_112g?shopCode=992301&shopType=6,214.99 ₽ -17% 259.99 ₽Шоколад Merci темный с марципаном 112гНет отзывов,,,,,,По карте,По карте,8000011378
Шоколад молочный Snaqfabriq со сливочной начинкой без сахара 130г,https://magnit.ru/product/1000526174-snaq_fabriq_shokolad_molochnyy_so_slivochnoy_nachinkoy_bez_sakhara_130g?shopCode=992301&shopType=6,329.99 ₽Шоколад молочный Snaqfabriq со сливочной начинкой без сахара 130гНет отзывов,,,,,,По карте,По карте,1000526174
Шоколад Победа Вкуса Immunity молочный с криспом 100г,https://magnit.ru/product/1000313795-pobeda_vkusa_shokolad_charged_immunity_mol_s_krispom_100g?shopCode=992301&shopType=6,229.99 ₽Шоколад Победа Вкуса Immunity молочный с криспом 100гНет отзывов,,,,,,По карте,По карте,1000313795
Шоколад темный с фундуком 55% Бабаевский 90г,https://magnit.ru/product/1000140975-shokolad_babaevskiy_temnyy_s_fundukom_100g?shopCode=992301&shopType=6,169.99 ₽ -45% 309.99 ₽Шоколад темный с фундуком 55% Бабаевский 90г4.8· 66 отзывов,,,,,,По карте,По карте,1000140975
Батончик шоколадный в хрустящей вафле Хрутка 22г,https://magnit.ru/product/1000455518-1624490333?shopCode=992301&shopType=6,32.99 ₽ -23% 42.99 ₽Батончик шоколадный в хрустящей вафле Хрутка 22г4.8· 69 отзывов,,,,,,,,1000455518
Шоколад горький Победа вкуса 72% 100г,https://magnit.ru/product/1000126989-pobeda_vkusa_shokolad_gorkiy_72_100g_bum_up_kf_pobeda_20?shopCode=992301&shopType=6,189.99 ₽ -17% 229.99 ₽Шоколад горький Победа вкуса 72% 100г4.8· 104 отзыва,,,,,,,,1000126989
Конфета вафельная глазированная Степ Mix 40г,https://magnit.ru/product/1000390755-step_mix_batonchik_vaf_glaz_44g?shopCode=992301&shopType=6,29.99 ₽Конфета вафельная глазированная Степ Mix 40г4.8· 27 отзывов,,,,,,,,1000390755
Шоколад темный клубничный тарт с миндалем 42% Вдохновение 100г,https://magnit.ru/product/1000446704-vdokhnovenie_temn_shokol_klub_tart_mind_100g_babaevskiy?shopCode=992301&shopType=6,199.99 ₽ -37% 319.99 ₽Шоколад темный клубничный тарт с миндалем 42% Вдохновение 100г4.8· 7 отзывов,,,,,,По карте,По карте,1000446704
Шоколад темный Вишня брауни и цельный фундук 55% Бабаевский 165г,https://magnit.ru/product/1000369596-babaevskiy_shokolad_ko22777_temnyy_s_nachinkoy_funduk_tselnyy_vkus_vishni_165g_floupak_oao_rot_front?shopCode=992301&shopType=6,259.99 ₽ -42% 449.99 ₽Шоколад темный Вишня брауни и цельный фундук 55% Бабаевский 165г4.8· 405 отзывов,,,,,,По карте,По карте,1000369596
Батончик вафельный Обыкновенное чудо 40г,https://magnit.ru/product/1000127852-konfety_obyknovennoe_chudo_klassicheskoe_40g?shopCode=992301&shopType=6,29.99 ₽ -18% 36.99 ₽Батончик вафельный Обыкновенное чудо 40г4.8· 10 отзывов,,,,,,,,1000127852
Паста шоколадно-арахисовая Степ 220г,https://magnit.ru/product/1000220350-pasta_shokoladno_arakhisovaya_zolotoy_step_220g?shopCode=992301&shopType=6,159.99 ₽Паста шоколадно-арахисовая Степ 220г4.6· 143 отзыва,,,,,,По карте,По карте,1000220350
Шоколад Крупской молочный Особый 200г,https://magnit.ru/product/1000556830-krupskoy_shokolad_molochnyy_osobyy_200g?shopCode=992301&shopType=6,219.99 ₽ -45% 399.99 ₽Шоколад Крупской молочный Особый 200г4.6· 56 отзывов,,,,,,,,1000556830
Яйцо с игрушкой-сюрпризом Конфитрейд 20г,https://magnit.ru/product/1000126995-yaytso_s_syurprizom_20g?shopCode=992301&shopType=6,69.99 ₽ -30% 99.99 ₽Яйцо с игрушкой-сюрпризом Конфитрейд 20г4.4· 1 отзыв,,,,,,,,1000126995
Шоколад Вкус и польза на меду молочный 70г,https://magnit.ru/product/1000424670-vkus_i_polza_shokolad_na_medu_molochnyy_70g_fl_p?shopCode=992301&shopType=6,239.99 ₽Шоколад Вкус и польза на меду молочный 70гНет отзывов,,,,,,,,1000424670
Шоколад Max Fun карамель-мармелад-печенье Alpen Gold 140г,https://magnit.ru/product/1000120851-shokolad_alpen_gold_max_fan_so_vzryvnoy_karamelyu_marmeladom_i_pechenem_150g?shopCode=992301&shopType=6,159.99 ₽ -46% 299.99 ₽Шоколад Max Fun карамель-мармелад-печенье Alpen Gold 140г4.8· 162 отзыва,,,,,,,,1000120851
Шоколад молочный с кусочками кренделя Ritter Sport 100г,https://magnit.ru/product/1000556484-ritter_sport_shokolad_moloch_s_kusoch_krendelya_100g?shopCode=992301&shopType=6,169.99 ₽Шоколад молочный с кусочками кренделя Ritter Sport 100гНет отзывов,,,,,,,,1000556484
Шоколад Red Delight Темный с апельсином и миндалем 70г,https://magnit.ru/product/1000247882-red_shokolad_00_00000502_temnyy_so_snizhennoy_kaloriynostyu_s_apelsinom_i_mindalem_100g_kartonnaya_u?shopCode=992301&shopType=6,219.99 ₽Шоколад Red Delight Темный с апельсином и миндалем 70г4.8· 17 отзывов,,,,,,,,1000247882
Шар шоколадный с игрушкой-сюрпризом Chupa-Chups 20г в ассортименте,https://magnit.ru/product/1000142161-shar_shokoladnyy_chupa_chups_s_igrushkoy_syurprizom_20g_v_assortimente?shopCode=992301&shopType=6,91.99 ₽Шар шоколадный с игрушкой-сюрпризом Chupa-Chups 20г в ассортименте4.7· 102 отзыва,,,,,,,,1000142161
Шоколад Ozera горький без сахара с апельсином 90г,https://magnit.ru/product/8000011998-shokolad_ozera_gorkiy_bez_sakhara_s_apels_90g?shopCode=992301&shopType=6,174.99 ₽Шоколад Ozera горький без сахара с апельсином 90гНет отзывов,,,,,,По карте,По карте,8000011998
Шоколад Bubbles Молочный пористый с начинкой со вкусом Капучино Milka 87г,https://magnit.ru/product/1000324322-milka_shokolad_molochnyy_s_nachinkoy_so_vkusom_kapuchino_97g_floupak_ooo_mondelis_rus_15?shopCode=992301&shopType=6,99.99 ₽ -50% 199.99 ₽Шоколад Bubbles Молочный пористый с начинкой со вкусом Капучино Milka 87г4.9· 4 отзыва,,,,,,Товар недели,Товар недели,1000324322
Шоколад Молочный Кофе и Сливки Merci 100г,https://magnit.ru/product/1000212057-merci_shokolad_molochn_kofeyn_100g_k_up_storck_15?shopCode=992301&shopType=6,198.99 ₽ -26% 269.99 ₽Шоколад Молочный Кофе и Сливки Merci 100г4.9· 5 отзывов,,,,,,По карте,По карте,1000212057
Фигурный шоколад Kinder 35г,https://magnit.ru/product/1000421436-kinder_figurnyy_shokolad_35g_folga?shopCode=992301&shopType=6,139.99 ₽ -12% 159.99 ₽Фигурный шоколад Kinder 35гНет отзывов,,,,,,,,1000421436
Батончик шоколадный с миндалем Snickers 81г,https://magnit.ru/product/1000385375-snickers_shokoladnyy_batonchik_10228049_s_mindalem_81g_floupak_rossiya_mars_32_160?shopCode=992301&shopType=6,89.99 ₽Батончик шоколадный с миндалем Snickers 81г4.7· 175 отзывов,,,,,,,,1000385375
Шоколад с фундуком и изюмом Milka 80г,https://magnit.ru/product/1000149244-shokolad_milka_molochnyy_s_fundukom_i_izyumom_90g?shopCode=992301&shopType=6,99.99 ₽ -50% 199.99 ₽Шоколад с фундуком и изюмом Milka 80г4.8· 36 отзывов,,,,,,Товар недели,Товар недели,1000149244
Шоколад темный Апельсин брауни и цельный фундук 55% Бабаевский 165г,https://magnit.ru/product/1000369597-babaevskiy_shokolad_ko22776_temnyy_s_nachinkoy_funduk_tselnyy_vkus_apelsin_165g_floupak_oao_rot_fron?shopCode=992301&shopType=6,269.99 ₽ -40% 449.99 ₽Шоколад темный Апельсин брауни и цельный фундук 55% Бабаевский 165г4.8· 175 отзывов,,,,,,По карте,По карте,1000369597
Шоколад Славянка горький с какао Особый 85% 88г,https://magnit.ru/product/1000426686-osobyy_shok_gorkiy_85_kakao_88g?shopCode=992301&shopType=6,219.99 ₽ -18% 269.99 ₽Шоколад Славянка горький с какао Особый 85% 88г4.8· 6 отзывов,,,,,,По карте,По карте,1000426686
Шоколад молочный взрывная карамель Алёнка 75г,https://magnit.ru/product/8000009407-alenka_shokolad_molochnyy_vzryvnaya_karamel_75g?shopCode=992301&shopType=6,109.99 ₽ -26% 149.99 ₽Шоколад молочный взрывная карамель Алёнка 75г4.8· 36 отзывов,,,,,,По карте,По карте,8000009407
Шоколад Победа вкуса молочный без сахара 36% 50г,https://magnit.ru/product/8000012278-pobeda_vkusa_shokolad_gorkiy_bez_sakhara_72_50g?shopCode=992301&shopType=6,114.99 ₽Шоколад Победа вкуса молочный без сахара 36% 50гНет отзывов,,,,,,По карте,По карте,8000012278
Шоколад Ozera горький без сахара с фундуком 90г,https://magnit.ru/product/8000012000-ozera_shokolad_gorkiy_bez_sakhara_s_fundukom_90g?shopCode=992301&shopType=6,174.99 ₽Шоколад Ozera горький без сахара с фундуком 90гНет отзывов,,,,,,По карте,По карте,8000012000
Шоколад молочный с кусочками клюквы и орехом лещины Ritter Sport 100г,https://magnit.ru/product/1000511471-ritter_sport_shokolad_mol_klyukva_orekh_leshchiny_100g?shopCode=992301&shopType=6,159.99 ₽ -40% 269.99 ₽Шоколад молочный с кусочками клюквы и орехом лещины Ritter Sport 100г4.8· 3 отзыва,,,,,,,,1000511471
Шоколад Горький с цельным миндалем Белочка 55% 100г,https://magnit.ru/product/1000211228-krupskoy_shokolad_10536_gorkiy_s_tselnym_mindalem_100g_kartonnaya_upakovka_zao_konditerskaya_fabrika?shopCode=992301&shopType=6,179.99 ₽ -14% 209.99 ₽Шоколад Горький с цельным миндалем Белочка 55% 100г4.8· 4 отзыва,,,,,,,,1000211228
Шоколадный батончик Пломбир Snickers 2шт*40.5г,https://magnit.ru/product/1000271554-snickers_shokoladnyy_batonchik_plombir81g_m_up_mars_32_160?shopCode=992301&shopType=6,89.99 ₽Шоколадный батончик Пломбир Snickers 2шт*40.5г4.7· 122 отзыва,,,,,,,,1000271554
Шоколадный батончик Goodmix молочный шоколад с хрустящей вафлей Клубничный краш 40г,https://magnit.ru/product/8000019366-goodmix_shok_bat_mol_shok_khr_vaf_klubn_krash40g_f_p_nestle?shopCode=992301&shopType=6,44.99 ₽ -35% 69.99 ₽Шоколадный батончик Goodmix молочный шоколад с хрустящей вафлей Клубничный краш 40г4.8· 22 отзыва,,,,,,,,8000019366
Шоколад Молочный с цельным фундуком Белочка 100г,https://magnit.ru/product/1000204350-krupskoy_shokolad_10434_molochnyy_s_tselnym_lesnym_orekhom_net_100g_kartonnaya_upakovka_zao_konditer?shopCode=992301&shopType=6,159.99 ₽ -15% 189.99 ₽Шоколад Молочный с цельным фундуком Белочка 100г4.5· 5 отзывов,,,,,,,,1000204350
Шоколад молочный с фундуком и начинкой Nuts 180г,https://magnit.ru/product/1000452112-nuts_shokolad_molochnyy_s_fundukom_i_nachinkoy_180g?shopCode=992301&shopType=6,179.99 ₽ -33% 269.99 ₽Шоколад молочный с фундуком и начинкой Nuts 180г4.6· 83 отзыва,,,,,,,,1000452112
Шоколад горький апельсин орех Bucheron Blanc Edition 72% 85г,https://magnit.ru/product/1000537305-bucheron_blanc_edition_shok_gork_apel_orekh_85g?shopCode=992301&shopType=6,174.99 ₽ -30% 249.99 ₽Шоколад горький апельсин орех Bucheron Blanc Edition 72% 85г4.8· 5 отзывов,,,,,,По карте,По карте,1000537305
Шоколад Delight темный без сахара Red 70г,https://magnit.ru/product/8000010639-shokolad_red_delight_temnyy_b_sakh_85g?shopCode=992301&shopType=6,198.99 ₽ -31% 289.99 ₽Шоколад Delight темный без сахара Red 70гНет отзывов,,,,,,,,8000010639
Вафли Kinder Bueno 43г,https://magnit.ru/product/3071600001-batonchik_kinder_bueno_43g?shopCode=992301&shopType=6,89.99 ₽Вафли Kinder Bueno 43г4.9· 91 отзыв,,,,,,,,3071600001
Шоколадная медаль Маша и Медведь Монетный двор 25г,https://magnit.ru/product/1000489293-monetnyy_dvor_shoko_medal_masha_i_medved_25g?shopCode=992301&shopType=6,42.99 ₽Шоколадная медаль Маша и Медведь Монетный двор 25г4.8· 4 отзыва,,,,,,По карте,По карте,1000489293
Шоколадная паста с фундуком Dolce Dolci 13% 350г,https://magnit.ru/product/1000558629-dolce_dolci_shokoladnaya_pasta_s_fundukom_13_350g?shopCode=992301&shopType=6,349.99 ₽Шоколадная паста с фундуком Dolce Dolci 13% 350г4.8· 28 отзывов,,,,,,,,1000558629
Батончик с карамелью и нугой Mars 50г,https://magnit.ru/product/3071090601-batonchik_mars_50g?shopCode=992301&shopType=6,62.99 ₽Батончик с карамелью и нугой Mars 50г4.8· 53 отзыва,,,,,,,,3071090601
Шоколад с молочной начинкой Kinder Chocolate Maxi 21г,https://magnit.ru/product/1699900263-shokolad_kinder_maksi_21g?shopCode=992301&shopType=6,42.99 ₽Шоколад с молочной начинкой Kinder Chocolate Maxi 21г4.9· 36 отзывов,,,,,,,,1699900263
Шоколад молочный черника Libertad 80г,https://magnit.ru/product/1000518114-libertad_shokolad_molochnyy_chernika_80g?shopCode=992301&shopType=6,159.99 ₽ -36% 249.99 ₽Шоколад молочный черника Libertad 80гНет отзывов,,,,,,По карте,По карте,1000518114
Шоколад Молочный с фундуком и изюмом Алёнка 90г,https://magnit.ru/product/1000147302-alenka_shokolad_s_fundukom_i_izyumom_90g_rot_front_15_90?shopCode=992301&shopType=6,129.99 ₽ -45% 239.99 ₽Шоколад Молочный с фундуком и изюмом Алёнка 90г4.7Нет отзывов,,,,,,По карте,По карте,1000147302
Шоколад темный Schogetten Blonde Pure 100г,https://magnit.ru/product/1000562519-schogetten_shokolad_temnyy_blonde_pure_100g_k_up?shopCode=992301&shopType=6,149.99 ₽ -11% 169.99 ₽Шоколад темный Schogetten Blonde Pure 100гНет отзывов,,,,,,По карте,По карте,1000562519
Шоколад Extra milk&Hazelnut Ozera 90г,https://magnit.ru/product/1000274196-ozera_shokolad_extra_milk_hazelnut_90g_k_up_ozerskiy_suv_18?shopCode=992301&shopType=6,139.99 ₽ -12% 159.99 ₽Шоколад Extra milk&Hazelnut Ozera 90г4.9· 2 отзыва,,,,,,По карте,По карте,1000274196
Шоколадный батончик печенье в хрустящей вафле Goodmix 47г,https://magnit.ru/product/1000449673-goodmix_shok_baton_pech_khrust_vaf_47g?shopCode=992301&shopType=6,49.99 ₽ -28% 69.99 ₽Шоколадный батончик печенье в хрустящей вафле Goodmix 47г4.8· 92 отзыва,,,,,,,,1000449673
Конфета глазированная с орехово-сливочной начинкой Konfesta 38г,https://magnit.ru/product/1000518997-konfesta_konfeta_glazirov_s_orekhovo_slivoch_nachinkoy_38g?shopCode=992301&shopType=6,28.99 ₽ -47% 54.99 ₽Конфета глазированная с орехово-сливочной начинкой Konfesta 38г4.7· 49 отзывов,,,,,,,,1000518997
Шоколад темный с цедрой апельсина и миндалем 40% Россия щедрая душа 82г,https://magnit.ru/product/1000457180-rossiya_shchedraya_dusha_shokolad_temnyy_tsedra_apelsina_i_mindal_82g?shopCode=992301&shopType=6,79.99 ₽ -33% 119.99 ₽Шоколад темный с цедрой апельсина и миндалем 40% Россия щедрая душа 82г4.8· 59 отзывов,,,,,,По карте,По карте,1000457180
Шоколад Max Fun Клубника Малина Черника Черная смородина Взрывная карамель и шипучие шарики Alpen Gold 140г,https://magnit.ru/product/1000273971-alpen_gold_maxfan_shok_mol_yagod_shar_kar_150g_fl_p_mondel_16?shopCode=992301&shopType=6,167.99 ₽ -44% 299.99 ₽Шоколад Max Fun Клубника Малина Черника Черная смородина Взрывная карамель и шипучие шарики Alpen Gold 140г4.9· 16 отзывов,,,,,,,,1000273971
Вафельный батончик Babyfox Creamy Choco 23г,https://magnit.ru/product/1000565622-babyfox_vafelnyy_batonchik_creamy_choco_23g?shopCode=992301&shopType=6,24.99 ₽Вафельный батончик Babyfox Creamy Choco 23г4.9· 66 отзывов,,,,,,По карте,По карте,1000565622
Кондитерская плитка молочная с арахисом Хорошая компания 80г,https://magnit.ru/product/1000173728-khoroshaya_kompaniya_plitka_s_arakhis80g_fl_p_russkiy_shokolad_20?shopCode=992301&shopType=6,44.99 ₽ -13% 51.99 ₽Кондитерская плитка молочная с арахисом Хорошая компания 80г4.3· 35 отзывов,,,,,,По карте,По карте,1000173728
Шоколад молочный с молоком и ванилью Ritter Sport 100г,https://magnit.ru/product/1000556483-ritter_sport_shokolad_moloch_s_molokom_i_vanilyu_100g?shopCode=992301&shopType=6,169.99 ₽Шоколад молочный с молоком и ванилью Ritter Sport 100гНет отзывов,,,,,,,,1000556483
Паста шоколадно-орехаовая Nut Story 350г,https://magnit.ru/product/1000275530-nut_story_pasta_shok_orekhovaya_350g_pl_st_ozerskiy_suvenir_12?shopCode=992301&shopType=6,199.99 ₽ -20% 249.99 ₽Паста шоколадно-орехаовая Nut Story 350г4.6· 7 отзывов,,,,,,По карте,По карте,1000275530
Шоколад молочный Snaqfabriq с молочно-ореховой пастой вафлей и фундуком без сахара 130г,https://magnit.ru/product/1000526199-snaq_fabriq_shokolad_molochnyy_s_molochno_orekhovoy_pastoy_vafley_i_fundukom_bez_sakhara_130g?shopCode=992301&shopType=6,329.99 ₽Шоколад молочный Snaqfabriq с молочно-ореховой пастой вафлей и фундуком без сахара 130гНет отзывов,,,,,,По карте,По карте,1000526199
Шоколад темный Вишня в ликёре Dy Nastie 48% 100г,https://magnit.ru/product/1000499884-dy_nastie_shokolad_temnyy_vishnya_v_likyere_100g_k_up?shopCode=992301&shopType=6,109.99 ₽Шоколад темный Вишня в ликёре Dy Nastie 48% 100г4.6· 17 отзывов,,,,,,По карте,По карте,1000499884
Шоколад белый миндаль-клюква-клубника Bucheron Village 100г,https://magnit.ru/product/1000237893-bucheron_shokolad_bel_mind_klyuk_klubn100g_k_up_sobran_10_30?shopCode=992301&shopType=6,244.99 ₽ -18% 299.99 ₽Шоколад белый миндаль-клюква-клубника Bucheron Village 100г4.5· 4 отзыва,,,,,,По карте,По карте,1000237893
Шоколад Max Fun Манго Ананас Маракуйя Взрывная карамель Шипучие шарики Alpen Gold 140г,https://magnit.ru/product/1000273970-alpen_gold_maxfan_shok_mol_fruk_shar_kar_150g_fl_p_mondel_16?shopCode=992301&shopType=6,159.99 ₽ -46% 299.99 ₽Шоколад Max Fun Манго Ананас Маракуйя Взрывная карамель Шипучие шарики Alpen Gold 140г4.8· 25 отзывов,,,,,,,,1000273970
Шоколад Горький с миндалем Вдохновение 90г,https://magnit.ru/product/1000149356-shokolad_vdokhnovenie_elitnyy_s_mindalem_100g?shopCode=992301&shopType=6,199.99 ₽ -28% 279.99 ₽Шоколад Горький с миндалем Вдохновение 90г4.7· 7 отзывов,,,,,,По карте,По карте,1000149356
Шоколадное яйцо с игрушкой Шоки-Токи 20г,https://magnit.ru/product/1000345064-shokoladnoe_yaytso_molochnyy_shokolad_svetlo_bezhevyy_ne_poristyy_slivochnyy_20g_folga_prom_sp_ooo_2?shopCode=992301&shopType=6,94.99 ₽ -18% 115.99 ₽Шоколадное яйцо с игрушкой Шоки-Токи 20г4.6· 88 отзывов,,,,,,По карте,По карте,1000345064
Шоколад молочный с арахисом карамелью овсяным печеньем Степ 90г,https://magnit.ru/product/1000306943-step_shokolad_20357_molochnyy_shokolad_s_ovsyanym_pechenem_s_arakhisom_s_karamelyu_100g_floupak_ao_s?shopCode=992301&shopType=6,45.99 ₽ -34% 69.99 ₽Шоколад молочный с арахисом карамелью овсяным печеньем Степ 90г4.7· 49 отзывов,,,,,,,,1000306943
Шоколад Молочный с ромом изюмом и орехами Ritter Sport 100г,https://magnit.ru/product/1000161411-shokolad_ritter_sport_molochnyy_rom_izyum_i_orekh_100g?shopCode=992301&shopType=6,159.99 ₽ -40% 269.99 ₽Шоколад Молочный с ромом изюмом и орехами Ritter Sport 100г4.9· 163 отзыва,,,,,,,,1000161411
Шоколад Mr Djemius Zero без сахара ассорти Chocowave 60г,https://magnit.ru/product/1000563361-mr_djemius_zero_shokolad_b_sakh_assorti_chocowave_60g?shopCode=992301&shopType=6,193.99 ₽ -11% 219.99 ₽Шоколад Mr Djemius Zero без сахара ассорти Chocowave 60гНет отзывов,,,,,,По карте,По карте,1000563361
Шоколадный батончик с соленым арахисом в хрустящей вафле Goodmix 46г,https://magnit.ru/product/1000449674-goodmix_shok_baton_sol_arakh_khrust_vaf_46g?shopCode=992301&shopType=6,49.99 ₽ -28% 69.99 ₽Шоколадный батончик с соленым арахисом в хрустящей вафле Goodmix 46г4.8· 133 отзыва,,,,,,,,1000449674
Шоколад Молочный Merci 100г,https://magnit.ru/product/1000190928-shokolad_merci_molochnyy_100g?shopCode=992301&shopType=6,189.99 ₽ -29% 269.99 ₽Шоколад Молочный Merci 100г4.8· 83 отзыва,,,,,,По карте,По карте,1000190928
Вафельный батончик Шоколад-фундук Ozera 23г,https://magnit.ru/product/1000558471-ozera_vafelnyy_batonchik_shokolad_funduk_23g?shopCode=992301&shopType=6,30.99 ₽Вафельный батончик Шоколад-фундук Ozera 23г4.9· 3 отзыва,,,,,,,,1000558471
Шоколад молочный цельный фундук King Of Nuts 200г,https://magnit.ru/product/1000527631-konfesta_shokolad_king_of_nuts_mol_tsel_fund_200g_karton_up?shopCode=992301&shopType=6,259.99 ₽ -23% 339.99 ₽Шоколад молочный цельный фундук King Of Nuts 200г4.7· 272 отзыва,,,,,,,,1000527631
Шоколад молочный Ореховая паста с фундуком Milka 85/80г,https://magnit.ru/product/1000309124-milka_shokolad_molochnyy_orekhovaya_pasta_s_fundukom_90g_floupak_ooo_mondelis_rus_20?shopCode=992301&shopType=6,99.99 ₽ -50% 199.99 ₽Шоколад молочный Ореховая паста с фундуком Milka 85/80г4.9· 1 отзыв,,,,,,Товар недели,Товар недели,1000309124
Шоколад пористый с коньяком Победа вкуса 25% 180г,https://magnit.ru/product/1000345819-pobeda_vkusa_poristyy_shokolad_1250_shokolad_poristyy_s_konyakom_180g_folga_ooo_konditerskaya_fabrik?shopCode=992301&shopType=6,289.99 ₽ -14% 339.99 ₽Шоколад пористый с коньяком Победа вкуса 25% 180г4.9· 5 отзывов,,,,,,,,1000345819
Яйцо с игрушкой из молочного шоколада ApplayDu Kinder Сюрприз 60г,https://magnit.ru/product/1699900262-kinder_syurpriz_shok_yaytso_t3_60g_ferrero_16?shopCode=992301&shopType=6,379.99 ₽Яйцо с игрушкой из молочного шоколада ApplayDu Kinder Сюрприз 60г4.8Нет отзывов,,,,,,,,1699900262
Шоколад Темный Миндаль и апельсин Ritter Sport 50% 100г,https://magnit.ru/product/1000294724-ritter_sport_shokolad_ru2126_temnyy_shokolad_s_nachinkoy_mindal_i_apelsin_100g_myagkaya_upakovka_12?shopCode=992301&shopType=6,159.99 ₽ -27% 219.99 ₽Шоколад Темный Миндаль и апельсин Ritter Sport 50% 100г4.9· 10 отзывов,,,,,,,,1000294724
Паста Snaq Fabriq Шоколадно-ореховая 250г,https://magnit.ru/product/1000391681-snaq_fabriq_pasta_shokoladno_orekhovaya_250g?shopCode=992301&shopType=6,399.99 ₽Паста Snaq Fabriq Шоколадно-ореховая 250г4.6· 6 отзывов,,,,,,По карте,По карте,1000391681
Шоколад молочный Печенье и карамель Алёнка 87г,https://magnit.ru/product/1000389751-alenka_shokolad_molochnyy_pechene_i_karamel_87g?shopCode=992301&shopType=6,119.99 ₽ -45% 219.99 ₽Шоколад молочный Печенье и карамель Алёнка 87гНет отзывов,,,,,,По карте,По карте,1000389751
Шоколад Молочный порционный Алёнка 90г,https://magnit.ru/product/7617200001-alenka_shokolad_molochnyy_100g_kr_oktyabr_17_68?shopCode=992301&shopType=6,219.99 ₽Шоколад Молочный порционный Алёнка 90г4.8· 1 отзыв,,,,,,,,7617200001
Шоколад горький Bucheron Standart 72% 100г,https://magnit.ru/product/1000237892-shokolad_bucheron_gorkiy_100g?shopCode=992301&shopType=6,359.99 ₽ -18% 439.99 ₽Шоколад горький Bucheron Standart 72% 100г4.9· 1 отзыв,,,,,,По карте,По карте,1000237892
Шоколад Красный октябрь Украли сахар молочный пористый с миндалем 90г,https://magnit.ru/product/1000340951-krasnyy_oktyabr_shokolad_molochnyy_poristyy_bez_sakhara_s_tertym_mindalem_90g_bumazhnaya_upakovka_pa?shopCode=992301&shopType=6,189.99 ₽Шоколад Красный октябрь Украли сахар молочный пористый с миндалем 90г4.8· 95 отзывов,,,,,,По карте,По карте,1000340951
Шоколад Темный Мята Ritter Sport 50% 100г,https://magnit.ru/product/1000159244-shokolad_ritter_sport_temnyy_myata_100g?shopCode=992301&shopType=6,159.99 ₽ -40% 269.99 ₽Шоколад Темный Мята Ritter Sport 50% 100г4.8· 56 отзывов,,,,,,,,1000159244
Паста шоколадно-ореховая Отломи 330г,https://magnit.ru/product/1000563799-otlomi_pasta_shokoladno_orekhovaya_330g?shopCode=992301&shopType=6,239.99 ₽Паста шоколадно-ореховая Отломи 330г4.7· 7 отзывов,,,,,,По карте,По карте,1000563799
Шоколад молочный крем-банан Алёнка 87г,https://magnit.ru/product/1000389748-alenka_shokolad_molochnyy_krem_banan_87g?shopCode=992301&shopType=6,119.99 ₽ -45% 219.99 ₽Шоколад молочный крем-банан Алёнка 87г4.3· 2 отзыва,,,,,,По карте,По карте,1000389748
Яйцо шоколадное для девочек Kinder 20г в ассортименте,https://magnit.ru/product/1661500024-shokoladnoe_yaytso_kinder_20g?shopCode=992301&shopType=6,129.99 ₽Яйцо шоколадное для девочек Kinder 20г в ассортименте4.8· 195 отзывов,,,,,,,,1661500024
Шоколад Молочный Алёнка 60г,https://magnit.ru/product/1000140976-alenka_shokolad_molochnyy_60g_bum_up_krasnyy_oktyabr_25_75?shopCode=992301&shopType=6,135.99 ₽Шоколад Молочный Алёнка 60г4.5· 1 отзыв,,,,,,,,1000140976
Шоколад горький с апельсином Bucheron Original 72% 90г,https://magnit.ru/product/1000460522-bucheron_shokolad_gork_s_apel_72_90g_k_u_intergrupp?shopCode=992301&shopType=6,188.99 ₽ -24% 249.99 ₽Шоколад горький с апельсином Bucheron Original 72% 90г4.9· 4 отзыва,,,,,,По карте,По карте,1000460522
Батончик шоколадный райское манго с мякотью кокоса Bounty 52г,https://magnit.ru/product/1000328472-shokoladnyy_batonchik_bounty_rayskoe_mango_52g?shopCode=992301&shopType=6,59.99 ₽Батончик шоколадный райское манго с мякотью кокоса Bounty 52г4.7· 203 отзыва,,,,,,,,1000328472
Шоколад Славянка молочный Особый 90г,https://magnit.ru/product/1000454306-molochnyy_shokolad_osobyy_90g?shopCode=992301&shopType=6,129.99 ₽Шоколад Славянка молочный Особый 90г4.9· 4 отзыва,,,,,,По карте,По карте,1000454306
Шоколад горький с фундуком Bucheron Standart 100г,https://magnit.ru/product/1000238499-shokolad_bucheron_gorkiy_funduk_100g?shopCode=992301&shopType=6,359.99 ₽ -18% 439.99 ₽Шоколад горький с фундуком Bucheron Standart 100г4.9· 2 отзыва,,,,,,По карте,По карте,1000238499
Шоколадный батончик Twix 3*2 165г,https://magnit.ru/product/1000356905-twix_shokoladnyy_batonchik_10224726_twix_multipak_mp_165g_floupak_rossiya_mars_18?shopCode=992301&shopType=6,119.99 ₽ -25% 159.99 ₽Шоколадный батончик Twix 3*2 165г4.8· 3 отзыва,,,,,,,,1000356905
Шоколад молочный Особый 85г,https://magnit.ru/product/1000255993-osobyy_shokolad_60099_molochnyy_s_tonkoizmelchyennymi_dobavleniyami_90g_bumazhnaya_upakovka_konditer?shopCode=992301&shopType=6,144.99 ₽ -11% 163.99 ₽Шоколад молочный Особый 85г4.7· 2 отзыва,,,,,,По карте,По карте,1000255993
Шоколад Молочный с альпийским молоком Ritter Sport 100г,https://magnit.ru/product/1000159241-ritter_sport_shok_mol_s_alpiysk_molok_100g_fl_p_ritter_12?shopCode=992301&shopType=6,159.99 ₽ -40% 269.99 ₽Шоколад Молочный с альпийским молоком Ritter Sport 100г4.8· 12 отзывов,,,,,,,,1000159241
Вафли Kinder Bueno White 39г,https://magnit.ru/product/1000217900-batonchik_kinder_bueno_v_belom_shokolade_39g?shopCode=992301&shopType=6,89.99 ₽Вафли Kinder Bueno White 39г4.9· 74 отзыва,,,,,,,,1000217900
Шоколад Славянка Карамельный белый с солью Особый 88г,https://magnit.ru/product/1000454308-shokolad_osobyy_belyy_karamelnyy_s_solyu_88g?shopCode=992301&shopType=6,124.99 ₽ -13% 144.99 ₽Шоколад Славянка Карамельный белый с солью Особый 88г4.7· 5 отзывов,,,,,,,,1000454308
Шоколад со злаками Kinder Chocolate 4шт*23.5г,https://magnit.ru/product/1000168203-shokolad_kinder_so_zlakami_94g?shopCode=992301&shopType=6,239.99 ₽Шоколад со злаками Kinder Chocolate 4шт*23.5г4.9· 6 отзывов,,,,,,,,1000168203
Темный шоколад с помадно-сливочной начинкой КФ Крупской 47г,https://magnit.ru/product/1000280106-krupskaya_shokolad_40334_50g_bumazhnaya_upakovka_ooo_konditerskaya_fabrika_volzhanka_20?shopCode=992301&shopType=6,59.99 ₽ -33% 89.99 ₽Темный шоколад с помадно-сливочной начинкой КФ Крупской 47г4.9· 2 отзыва,,,,,,,,1000280106
Шоколад Молочный порционный Алёнка 100г,https://magnit.ru/product/1617200059-alenka_shokolad_s_moloch_nach_100g_krasnyy_oktyabr_17_68?shopCode=992301&shopType=6,249.99 ₽Шоколад Молочный порционный Алёнка 100г4.4Нет отзывов,,,,,,,,1617200059
Шоколад Молочный Кокос Ritter Sport 100г,https://magnit.ru/product/1000159242-ritter_sport_shok_mol_kokos_nach_100g_fl_p_ritter_12?shopCode=992301&shopType=6,159.99 ₽ -40% 269.99 ₽Шоколад Молочный Кокос Ritter Sport 100г4.8· 26 отзывов,,,,,,,,1000159242
Шоколад темный малиновый тарт с фисташкой 42% Вдохновение 100г,https://magnit.ru/product/1000446705-vdokhnovenie_temn_shokol_malin_tart_fis_100g_babaevskiy?shopCode=992301&shopType=6,199.99 ₽ -37% 319.99 ₽Шоколад темный малиновый тарт с фисташкой 42% Вдохновение 100г4.9· 4 отзыва,,,,,,По карте,По карте,1000446705
Шоколад молочный с кусочками малины Bucheron Standart 100г,https://magnit.ru/product/1000238498-bucheron_shokolad_mol_s_kusoch_malin100g_k_up_sobranie_10_30?shopCode=992301&shopType=6,329.99 ₽ -25% 439.99 ₽Шоколад молочный с кусочками малины Bucheron Standart 100г4.9· 3 отзыва,,,,,,По карте,По карте,1000238498
Конфета глазированная с шоколадно-ореховой начинкой Konfesta 38г,https://magnit.ru/product/1000518998-konfesta_konfeta_glazirov_s_shokolad_orekhovoy_nachinkoy_38g?shopCode=992301&shopType=6,54.99 ₽Конфета глазированная с шоколадно-ореховой начинкой Konfesta 38г4.8· 12 отзывов,,,,,,,,1000518998
Шоколад молочный Bubble Gum Fantola 66г,https://magnit.ru/product/1000444029-fantola_shok_mol_bubble_gum_pechene_66g?shopCode=992301&shopType=6,96.99 ₽ -22% 124.99 ₽Шоколад молочный Bubble Gum Fantola 66г4.6Нет отзывов,,,,,,,,1000444029
Батончик с шоколадной начинкой Бабаевский 50г,https://magnit.ru/product/9409600895-batonchik_babaevskiy_s_shokoladnoy_nachinkoy_50g?shopCode=992301&shopType=6,84.99 ₽Батончик с шоколадной начинкой Бабаевский 50г4.9· 98 отзывов,,,,,,,,9409600895
Шоколад Гречишный молочный ручной работы Natures Own Factory 20г,https://magnit.ru/product/1000379118-natures_own_factory_shokolad_grechishnyy_01_00001062_molochnyy_20g_floupak_ooo_vitaleyt_24?shopCode=992301&shopType=6,139.99 ₽Шоколад Гречишный молочный ручной работы Natures Own Factory 20гНет отзывов,,,,,,,,1000379118
Шоколад Победа Вкуса Charged молочный без сахара 100г,https://magnit.ru/product/1000313794-pobeda_vkusa_shokolad_charged_molochnyy_bez_sakhara_100g?shopCode=992301&shopType=6,259.99 ₽Шоколад Победа Вкуса Charged молочный без сахара 100г4.9Нет отзывов,,,,,,По карте,По карте,1000313794
Шоколад горький Bucheron Original 72% 90г,https://magnit.ru/product/1000460521-bucheron_shokolad_gorkiy_72_90g_k_up_inter_grupp?shopCode=992301&shopType=6,194.99 ₽ -22% 249.99 ₽Шоколад горький Bucheron Original 72% 90г4.7· 7 отзывов,,,,,,По карте,По карте,1000460521
Шоколад Вкус и польза на меду горький классический 70г,https://magnit.ru/product/1000424671-vkus_i_polza_shokolad_na_medu_gorkiy_klassich_70g_fl_p?shopCode=992301&shopType=6,239.99 ₽Шоколад Вкус и польза на меду горький классический 70гНет отзывов,,,,,,,,1000424671
Шоколадный батончик Snickers Криспер с карамелью арахисом и хрустящими рисовыми шариками 60г,https://magnit.ru/product/1000280009-shokoladnyy_batonchik_snickers_krisper_3sht_20g?shopCode=992301&shopType=6,65.99 ₽Шоколадный батончик Snickers Криспер с карамелью арахисом и хрустящими рисовыми шариками 60г4.8· 92 отзыва,,,,,,,,1000280009
Шоколад молочный с цельным миндалем Milka 80г,https://magnit.ru/product/1000420245-milka_shokolad_molochnyy_s_tselnym_mindalyem_85g?shopCode=992301&shopType=6,99.99 ₽ -54% 219.99 ₽Шоколад молочный с цельным миндалем Milka 80г4.9· 90 отзывов,,,,,,Товар недели,Товар недели,1000420245
Батончик шоколадный с карамелью Twix 55-58г,https://magnit.ru/product/1635300003-shokoladnyy_batonchik_twix_55g?shopCode=992301&shopType=6,59.99 ₽Батончик шоколадный с карамелью Twix 55-58г4.9· 111 отзывов,,,,,,,,1635300003
Шоколад Natures Own Factory Гречишный Белый 20г,https://magnit.ru/product/1000390569-natures_own_factory_shokolad_grechishnyy_belyy_20g?shopCode=992301&shopType=6,129.99 ₽Шоколад Natures Own Factory Гречишный Белый 20гНет отзывов,,,,,,,,1000390569
Шоколад белый с целым фундуком King Of Nuts 200г,https://magnit.ru/product/1000527632-konfesta_shokolad_king_of_nuts_bel_tsel_fund_200g_karton_up?shopCode=992301&shopType=6,259.99 ₽ -23% 339.99 ₽Шоколад белый с целым фундуком King Of Nuts 200г4.6· 130 отзывов,,,,,,,,1000527632
Шоколад Молочный пористый Алёнка 90г,https://magnit.ru/product/1000140980-shokolad_alenka_poristyy_95g?shopCode=992301&shopType=6,149.99 ₽ -25% 199.99 ₽Шоколад Молочный пористый Алёнка 90г4.7· 5 отзывов,,,,,,По карте,По карте,1000140980
Батончик с помадно-сливочной начинкой Бабаевский 50г,https://magnit.ru/product/3070910412-shokolad_babaevskiy_s_pomadno_slivochnoy_nachinkoy_50g?shopCode=992301&shopType=6,76.99 ₽Батончик с помадно-сливочной начинкой Бабаевский 50г4.9· 145 отзывов,,,,,,,,3070910412
Шоколадное яйцо Скрепыши 20г в ассортименте,https://magnit.ru/product/8000011740-skrepyshi_stikersy_shokoladnoe_yaytso_20g_v_assortimente?shopCode=992301&shopType=6,69.99 ₽ -22% 89.99 ₽Шоколадное яйцо Скрепыши 20г в ассортименте4.4· 9 отзывов,,,,,,По карте,По карте,8000011740
Шоколад Темный Марципан Ritter Sport 50% 100г,https://magnit.ru/product/1649900029-ritter_sport_shok_gor_s_martsipanom_100g_ritter_sport_12?shopCode=992301&shopType=6,159.99 ₽ -40% 269.99 ₽Шоколад Темный Марципан Ritter Sport 50% 100г4.9· 84 отзыва,,,,,,,,1649900029
Шоколад Горький Апельсин и миндаль Merci 72% 100г,https://magnit.ru/product/1000314084-merci_shokolad_gorkiy_141177_23_s_sokom_apelsina_i_kusochkami_mindalya_100g_kartonnaya_upakovka_15?shopCode=992301&shopType=6,189.99 ₽ -29% 269.99 ₽Шоколад Горький Апельсин и миндаль Merci 72% 100г4.9Нет отзывов,,,,,,По карте,По карте,1000314084
Шоколад Славянка молочный с фундуком Особый 89г,https://magnit.ru/product/1000454309-molochnyy_shokolad_osobyy_s_fundukom_89g?shopCode=992301&shopType=6,145.99 ₽Шоколад Славянка молочный с фундуком Особый 89г4.7· 2 отзыва,,,,,,По карте,По карте,1000454309
Шоколадный батончик с ореховой пастой Даёжъ 40г,https://magnit.ru/product/1000515294-dayezh_shok_baton_s_orekh_pastoy_40g_essen_15_60?shopCode=992301&shopType=6,23.99 ₽Шоколадный батончик с ореховой пастой Даёжъ 40г4.7· 60 отзывов,,,,,,,,1000515294
Шоколад молочный ореховая паста карамель в шоколаде Алёнка 85г,https://magnit.ru/product/1000440469-alyenka_shok_moloch_orekh_pasta_karam_shok_85g?shopCode=992301&shopType=6,119.99 ₽ -45% 219.99 ₽Шоколад молочный ореховая паста карамель в шоколаде Алёнка 85г4.8· 14 отзывов,,,,,,По карте,По карте,1000440469
Шоколад Молочный Клубника с йогуртом Ritter Sport 100г,https://magnit.ru/product/1000159243-ritter_sport_shok_mol_klub_yogur_nach_100g_fl_p_ritter_12?shopCode=992301&shopType=6,159.99 ₽ -40% 269.99 ₽Шоколад Молочный Клубника с йогуртом Ritter Sport 100г4.8· 17 отзывов,,,,,,,,1000159243
Шоколад молочный с фундуком Bucheron Original 90г,https://magnit.ru/product/1000454247-bucheron_shokolad_mol_s_fundukom_90g?shopCode=992301&shopType=6,194.99 ₽ -22% 249.99 ₽Шоколад молочный с фундуком Bucheron Original 90гНет отзывов,,,,,,По карте,По карте,1000454247
Яйцо с игрушкой из молочного шоколада Kinder Сюрприз 20г в ассортименте,https://magnit.ru/product/1661500036-shokoladnoe_yaytso_kinder_syurpriz_20g?shopCode=992301&shopType=6,129.99 ₽Яйцо с игрушкой из молочного шоколада Kinder Сюрприз 20г в ассортименте4.8· 157 отзывов,,,,,,,,1661500036
Шоколад молочный с фундуком со вкусом брауни Nuts 180г,https://magnit.ru/product/1000452111-nuts_shokolad_molochnyy_s_fundukom_so_vkusom_brauni180g?shopCode=992301&shopType=6,179.99 ₽ -33% 269.99 ₽Шоколад молочный с фундуком со вкусом брауни Nuts 180г4.6· 24 отзыва,,,,,,,,1000452111
Шоколад с молочной начинкой Kinder Chocolate Maxi 4шт*21г,https://magnit.ru/product/1000168202-kinder_kinder_shokolad_shokolad_maksi_84g_fl_p_ferrero_20?shopCode=992301&shopType=6,179.99 ₽Шоколад с молочной начинкой Kinder Chocolate Maxi 4шт*21г4.9· 2 отзыва,,,,,,,,1000168202
Шоколад темный трюфель и апельсин 55% Бабаевский 170г,https://magnit.ru/product/1000446033-babaevskiy_shok_temn_tryuf_apels_170g?shopCode=992301&shopType=6,269.99 ₽ -40% 449.99 ₽Шоколад темный трюфель и апельсин 55% Бабаевский 170г4.8· 106 отзывов,,,,,,По карте,По карте,1000446033
Шоколадный батончик хрустящая вафля попкорн Goodmix 45г,https://magnit.ru/product/1000483411-goodmix_shok_baton_khrust_vaf_popkorn_45g_f_p?shopCode=992301&shopType=6,44.99 ₽ -35% 69.99 ₽Шоколадный батончик хрустящая вафля попкорн Goodmix 45г4.8· 59 отзывов,,,,,,По карте,По карте,1000483411
Батончик глазированный карамель и арахис Boom 50г,https://magnit.ru/product/1000253599-batonchik_boom_glazirovannyy_karamel_i_arakhis_50g?shopCode=992301&shopType=6,16.99 ₽ -37% 26.99 ₽Батончик глазированный карамель и арахис Boom 50г4.7· 179 отзывов,,,,,,По карте,По карте,1000253599
Батончик вафельный с арахисом и карамелью Xrust Go 34г,https://magnit.ru/product/1000563522-xrust_go_batonchik_vaf_s_arakhisom_i_karamelyu_34g_fl_p?shopCode=992301&shopType=6,43.99 ₽Батончик вафельный с арахисом и карамелью Xrust Go 34гНет отзывов,,,,,,,,1000563522
Шоколад молочный Blue Malina Fantola 66г,https://magnit.ru/product/1000444028-1500295384?shopCode=992301&shopType=6,124.99 ₽Шоколад молочный Blue Malina Fantola 66г4.7· 2 отзыва,,,,,,,,1000444028
Набор Маша и медведь шоколадный молочный Монетный двор 75г,https://magnit.ru/product/1000453710-masha_i_medved_shok_nab_molochn_75g?shopCode=992301&shopType=6,194.99 ₽Набор Маша и медведь шоколадный молочный Монетный двор 75г4.8· 2 отзыва,,,,,,По карте,По карте,1000453710
Пирожное бисквитное в какао-глазури Kinder Delice 39г,https://magnit.ru/product/1000206760-pirozhnoe_biskvitnoe_kinder_delice_39g?shopCode=992301&shopType=6,83.99 ₽Пирожное бисквитное в какао-глазури Kinder Delice 39г4.8· 81 отзыв,,,,,,,,1000206760
Шоколад молочный набор Развивайка 75г,https://magnit.ru/product/1000397794-razvivayka_shokolad_moloch_nabor_75g_pod_up?shopCode=992301&shopType=6,195.99 ₽Шоколад молочный набор Развивайка 75г4.7· 1 отзыв,,,,,,По карте,По карте,1000397794
Шоколад молочный Bucheron Blanc Edition 85г,https://magnit.ru/product/1000537307-bucheron_blanc_edition_shok_molochnyy_85g?shopCode=992301&shopType=6,169.99 ₽ -32% 249.99 ₽Шоколад молочный Bucheron Blanc Edition 85г4.7· 4 отзыва,,,,,,По карте,По карте,1000537307
Шоколад Молочный с фундуком Алёнка 200г,https://magnit.ru/product/1000290160-alenka_shokolad_ko14968_s_fundukom_200g_bumazhnaya_upakovka_zao_fabrika_russkiy_shokolad_17?shopCode=992301&shopType=6,299.99 ₽ -34% 459.99 ₽Шоколад Молочный с фундуком Алёнка 200г4.8· 6 отзывов,,,,,,По карте,По карте,1000290160
Шоколад Eco-botanica Молочный со злаковыми шариками и витаминами 30.7% 90г,https://magnit.ru/product/1000094127-eco_botanica_mol_shok_so_zlak_shar_i_vitamin_90g_rotfront_18?shopCode=992301&shopType=6,209.99 ₽Шоколад Eco-botanica Молочный со злаковыми шариками и витаминами 30.7% 90г4.2· 3 отзыва,,,,,,По карте,По карте,1000094127
Шоколад горький клюква-клубника-фисташка Bucheron Village 100г,https://magnit.ru/product/1000237890-shokolad_bucheron_gorkiy_klyukva_klubnika_fistashki_100g?shopCode=992301&shopType=6,235.99 ₽ -21% 299.99 ₽Шоколад горький клюква-клубника-фисташка Bucheron Village 100г4.9· 2 отзыва,,,,,,По карте,По карте,1000237890
Шоколад Молочный Цельный миндаль Ritter Sport 100г,https://magnit.ru/product/1000173910-shokolad_ritter_sport_molochnyy_tselnyy_mindal_100g?shopCode=992301&shopType=6,186.99 ₽ -28% 259.99 ₽Шоколад Молочный Цельный миндаль Ritter Sport 100г4.9· 87 отзывов,,,,,,,,1000173910
Шоколад белый Schogetten Blonde Caramel 100г,https://magnit.ru/product/1000562520-schogetten_shokolad_belyy_blonde_caramel_100g_k_up?shopCode=992301&shopType=6,149.99 ₽ -11% 169.99 ₽Шоколад белый Schogetten Blonde Caramel 100г4.8· 7 отзывов,,,,,,По карте,По карте,1000562520
Батончик шоколадный с карамелью арахисом и нугой Snickers 160г,https://magnit.ru/product/1000359631-shokoladnyy_batonchik_snickers_160g?shopCode=992301&shopType=6,169.99 ₽Батончик шоколадный с карамелью арахисом и нугой Snickers 160г4.8· 6 отзывов,,,,,,,,1000359631
Батончик c карамелью и печеньем Boom 42г,https://magnit.ru/product/1000300990-batonchik_boom_c_karamelyu_i_pechenem_42g?shopCode=992301&shopType=6,14.99 ₽ -25% 19.99 ₽Батончик c карамелью и печеньем Boom 42г4.6· 153 отзыва,,,,,,По карте,По карте,1000300990
Шоколад Темный Цельный лесной орех Ritter Sport 50% 100г,https://magnit.ru/product/1000173909-shokolad_ritter_sport_temnyy_tselnyy_orekh_100g?shopCode=992301&shopType=6,186.99 ₽ -28% 259.99 ₽Шоколад Темный Цельный лесной орех Ritter Sport 50% 100г4.8· 125 отзывов,,,,,,,,1000173909
Яйцо с игрушкой Kinder Joy 20г,https://magnit.ru/product/1600000276-shokoladnoe_yaytso_kinder_joy_20g?shopCode=992301&shopType=6,144.99 ₽Яйцо с игрушкой Kinder Joy 20г4.7· 89 отзывов,,,,,,,,1600000276
Шоколад Альпийский молочный с фундуком Schogetten 100г,https://magnit.ru/product/1000273891-schogetten_shokolad_plitochnyy_portsionnyy_molochnyy_s_fundukom_100g_kartonnaya_upakovka_15?shopCode=992301&shopType=6,149.99 ₽ -16% 179.99 ₽Шоколад Альпийский молочный с фундуком Schogetten 100г4.8· 49 отзывов,,,,,,,,1000273891
Шоколад Белый Цельный лесной орех и хлопья Ritter Sport 100г,https://magnit.ru/product/1000173907-ritter_sport_shokolad_belyy_orekh_khlopya_100g_fl_p_ritter_10?shopCode=992301&shopType=6,189.99 ₽ -42% 329.99 ₽Шоколад Белый Цельный лесной орех и хлопья Ritter Sport 100г4.9· 86 отзывов,,,,,,,,1000173907
Яйцо с игрушкой Kinder Joy 20г,https://magnit.ru/product/1000202065-shokoladnoe__yaytso_kinder_joy_20g?shopCode=992301&shopType=6,144.99 ₽Яйцо с игрушкой Kinder Joy 20г4.7· 42 отзыва,,,,,,,,1000202065
Шоколад Победа вкуса Charged темный с миндалем 90г,https://magnit.ru/product/1000459608-pobeda_vkusa_shokolad_temnyy_s_mindalem_charged_90g?shopCode=992301&shopType=6,272.99 ₽Шоколад Победа вкуса Charged темный с миндалем 90г4.8· 2 отзыва,,,,,,По карте,По карте,1000459608
Шоколад молочный с кусочками малины Bucheron Village 100г,https://magnit.ru/product/1000348741-bucheron_shokolad_molochnyy_s_kusochkami_maliny_100g_kartonnaya_upakovka_ooo_sobranie_10_60?shopCode=992301&shopType=6,239.99 ₽ -20% 299.99 ₽Шоколад молочный с кусочками малины Bucheron Village 100г4.9· 2 отзыва,,,,,,По карте,По карте,1000348741
Шоколад Шокомонстрики молочный с печеньем на палочке Мок мок 24г,https://magnit.ru/product/1000292467-figurnyy_shokolad_shokomonstriki_s_pechenem_na_palochke_24g?shopCode=992301&shopType=6,64.99 ₽ -31% 94.99 ₽Шоколад Шокомонстрики молочный с печеньем на палочке Мок мок 24г4.8· 171 отзыв,,,,,,,,1000292467
Шоколадный батончик хрустящие вафли с солёной карамелью Goodmix 44г,https://magnit.ru/product/1000449675-goodmix_shok_baton_solyen_karam_khrust_vaf_44g?shopCode=992301&shopType=6,49.99 ₽ -28% 69.99 ₽Шоколадный батончик хрустящие вафли с солёной карамелью Goodmix 44г4.8· 169 отзывов,,,,,,,,1000449675
Шоколад начинка кусочки соленого кешью Ritter Sport 100г,https://magnit.ru/product/1000417156-ritter_sport_shokolad_nach_kusoch_solen_keshyu_100g?shopCode=992301&shopType=6,186.99 ₽ -28% 259.99 ₽Шоколад начинка кусочки соленого кешью Ritter Sport 100г4.8· 5 отзывов,,,,,,,,1000417156
Вафельный батончик с молочно-ореховой начинкой в молочном шоколаде Ozera 23г,https://magnit.ru/product/1000563520-ozera_vafel_batonchik_nach_mol_orekh_v_mol_shok_23g_v_up?shopCode=992301&shopType=6,30.99 ₽Вафельный батончик с молочно-ореховой начинкой в молочном шоколаде Ozera 23гНет отзывов,,,,,,,,1000563520
Шоколад Snaq Fabriq молочный с шоколадно-ореховой пастой вафлей и фундуком без сахара 130г,https://magnit.ru/product/1000526200-snaq_fabriq_shokolad_molochnyy_s_shokoladno_orekhovoy_pastoy_vafley_i_fundukom_bez_sakhara_130g?shopCode=992301&shopType=6,329.99 ₽Шоколад Snaq Fabriq молочный с шоколадно-ореховой пастой вафлей и фундуком без сахара 130гНет отзывов,,,,,,По карте,По карте,1000526200
Шоколадная паста Dolce Dolci с кусочками фундука 15% 350г,https://magnit.ru/product/1000558628-dolce_dolci_shokoladnaya_pasta_s_kus_funduka_15_350g?shopCode=992301&shopType=6,419.99 ₽Шоколадная паста Dolce Dolci с кусочками фундука 15% 350гНет отзывов,,,,,,,,1000558628
Шоколад N Натуральный темный 70г,https://magnit.ru/product/8000024273-n_naturalnyy_shokolad_temnyy_70g_k_up?shopCode=992301&shopType=6,199.99 ₽ -33% 299.99 ₽Шоколад N Натуральный темный 70гНет отзывов,,,,,,,,8000024273
Яйцо Капибарчик с подарком 20г,https://magnit.ru/product/8000028283-kapibarchik_yaytso_s_podarkom_20g_fol?shopCode=992301&shopType=6,69.99 ₽ -30% 99.99 ₽Яйцо Капибарчик с подарком 20г4.6· 2 отзыва,,,,,,,,8000028283
Шоколад Бабаевский элитный 75% 150г,https://magnit.ru/product/8000025158-babaevskiy_shokolad_elitnyy_75_150g_bum_up?shopCode=992301&shopType=6,319.99 ₽ -28% 449.99 ₽Шоколад Бабаевский элитный 75% 150гНет отзывов,,,,,,По карте,По карте,8000025158
Шоколад N Натуральный молочный с фундуком 70г,https://magnit.ru/product/8000024276-n_naturalnyy_shokolad_molochnyy_s_fundukom_70g_k_up?shopCode=992301&shopType=6,199.99 ₽ -33% 299.99 ₽Шоколад N Натуральный молочный с фундуком 70гНет отзывов,,,,,,,,8000024276
Шоколад молочный Merci ореховый крем 112г,https://magnit.ru/product/8000022764-merci_shokolad_molochnyy_orekhovyy_krem_112g?shopCode=992301&shopType=6,194.99 ₽ -25% 259.99 ₽Шоколад молочный Merci ореховый крем 112гНет отзывов,,,,,,,,8000022764
Шоколад N Натуральный темный с миндалем 70г,https://magnit.ru/product/8000024274-n_naturalnyy_shokolad_temnyy_s_mindalem_70g_k_up?shopCode=992301&shopType=6,199.99 ₽ -33% 299.99 ₽Шоколад N Натуральный темный с миндалем 70гНет отзывов,,,,,,,,8000024274
Шоколад Победа вкуса темный без сахара 57% 50г,https://magnit.ru/product/8000012277-pobeda_vkusa_shokolad_temnyy_57_bez_sakhara_50g?shopCode=992301&shopType=6,114.99 ₽Шоколад Победа вкуса темный без сахара 57% 50гНет отзывов,,,,,,По карте,По карте,8000012277
Шоколад Комильфо вкус миндаль соленая карамель 102г,https://magnit.ru/product/8000025160-komilfo_moloch_i_bel_shok_mindal_solen_karam_102g?shopCode=992301&shopType=6,149.99 ₽ -30% 214.99 ₽Шоколад Комильфо вкус миндаль соленая карамель 102г4.6· 12 отзывов,,,,,,По карте,По карте,8000025160
Шоколад N Натуральный молочный 70г,https://magnit.ru/product/8000024275-n_naturalnyy_shokolad_molochnyy_70g_k_up?shopCode=992301&shopType=6,209.99 ₽ -30% 299.99 ₽Шоколад N Натуральный молочный 70гНет отзывов,,,,,,,,8000024275
Шоколад молочный с фундуком Аленка 75г,https://magnit.ru/product/8000025574-alenka_shokolad_moloch_s_fundukom_75g?shopCode=992301&shopType=6,119.99 ₽ -40% 199.99 ₽Шоколад молочный с фундуком Аленка 75гНет отзывов,,,,,,По карте,По карте,8000025574
Шоколад темный с начинкой Кофейный ликер КФ Крупской 47г,https://magnit.ru/product/8000031095-temnyy_shokolad_s_nach_kofeynyy_liker_47g_kf_im_krupskoy?shopCode=992301&shopType=6,69.99 ₽ -22% 89.99 ₽Шоколад темный с начинкой Кофейный ликер КФ Крупской 47г4.2· 5 отзывов,,,,,,,,8000031095
Шоколад молочный Аленка 150г,https://magnit.ru/product/8000025159-alenka_shokolad_molochnyy_150g_bum_up?shopCode=992301&shopType=6,249.99 ₽ -28% 349.99 ₽Шоколад молочный Аленка 150г4.7· 5 отзывов,,,,,,По карте,По карте,8000025159
